Column1,안전비상벨관리번호,설치목적,설치장소유형,설치위치,소재지지번주소,Latitude,Longitude,연계방식,경찰연계유무,경비업체연계유무,관리사무소연계유무,안전비상벨설치연도,관리기관명,관리기관전화번호
0,54,방범용,가로변,충혼탑,,35.4406347,126.6983052,양방향,N,N,Y,2018,고창군청,063-560-2790
1,53,방범용,가로변,월곡공영주차장,,35.43607064,126.7126061,양방향,N,N,Y,2018,고창군청,063-560-2790
2,52,방범용,가로변,원마트 앞,,35.43739323,126.6987055,양방향,N,N,Y,2018,고창군청,063-560-2790
3,51,방범용,가로변,아트리움 앞,,35.43603946,126.7146629,양방향,N,N,Y,2018,고창군청,063-560-2790
4,50,방범용,가로변,성호도서관 앞,,35.43609535,126.7023474,양방향,N,N,Y,2018,고창군청,063-560-2790
5,49,방범용,가로변,명진주택 앞,,35.43531064,126.7132861,양방향,N,N,Y,2018,고창군청,063-560-2790
6,48,방범용,가로변,동남슈퍼 앞,,35.43597667,126.6972075,양방향,N,N,Y,2018,고창군청,063-560-2790
7,47,방범용,가로변,고창여자고등학교 앞,,35.43944754,126.6993367,양방향,N,N,Y,2018,고창군청,063-560-2790
8,46,방범용,가로변,고창군청 앞,,35.43514579,126.7024253,양방향,N,N,Y,2018,고창군청,063-560-2790
9,45,방범용,가로변,하거리당산공원,,35.43357508,126.6960258,양방향,N,N,Y,2018,고창군청,063-560-2790
10,44,방범용,가로변,웰파크시티공원 앞,,35.43092932,126.7407857,양방향,N,N,Y,2018,고창군청,063-560-2790
11,43,방범용,가로변,월곡소공원,,35.43643606,126.7141962,양방향,N,N,Y,2018,고창군청,063-560-2790
12,42,방범용,가로변,월곡뉴타운공원,,35.43318059,126.7125201,양방향,N,N,Y,2018,고창군청,063-560-2790
13,41,방범용,가로변,월곡공원 후문,,35.43852909,126.7117095,양방향,N,N,Y,2018,고창군청,063-560-2790
14,40,방범용,가로변,월곡공원 정문,,35.43852909,126.7117095,양방향,N,N,Y,2018,고창군청,063-560-2790
15,39,방범용,가로변,월곡공원 옆,,35.43852909,126.7117095,양방향,N,N,Y,2018,고창군청,063-560-2790
16,38,방범용,가로변,새마을공원 앞 사거리,,35.44182347,126.6983696,양방향,N,N,Y,2018,고창군청,063-560-2790
17,37,방범용,가로변,새마을공원 입구,,35.44180996,126.6983724,양방향,N,N,Y,2018,고창군청,063-560-2790
18,36,방범용,가로변,모양성공원 중앙,,35.43298834,126.703372,양방향,N,N,Y,2018,고창군청,063-560-2790
19,35,방범용,가로변,모양성공원 앞,,35.43268771,126.7048268,양방향,N,N,Y,2017,고창군청,063-560-2790
20,34,방범용,가로변,남부공원,,35.42743241,126.6981879,양방향,N,N,Y,2017,고창군청,063-560-2790
21,33,방범용,가로변,푸른어린이집 앞,,35.44216148,126.6943442,양방향,N,N,Y,2017,고창군청,063-560-2790
22,32,방범용,가로변,아이캔어린이집 앞,,35.44208333,126.688017,양방향,N,N,Y,2017,고창군청,063-560-2790
23,31,방범용,가로변,아이세상어린이집 앞,,35.43254022,126.7062521,양방향,N,N,Y,2017,고창군청,063-560-2790
24,30,방범용,가로변,보듬이나눔이어린이집 앞,,35.43284694,126.7115067,양방향,N,N,Y,2017,고창군청,063-560-2790
25,29,방범용,가로변,고창초등학교후문사거리,,35.43665314,126.7046801,양방향,N,N,Y,2017,고창군청,063-560-2790
26,28,방범용,가로변,흥덕초등학교 정문,,35.51902447,126.7004251,양방향,N,N,Y,2017,고창군청,063-560-2790
27,27,방범용,가로변,해리초등학교 후문,,35.46485542,126.5351577,양방향,N,N,Y,2017,고창군청,063-560-2790
28,26,방범용,가로변,해리초등학교 정문,,35.46465047,126.5366489,양방향,N,N,Y,2017,고창군청,063-560-2790
29,25,방범용,가로변,아산초등학교 앞,,35.48187921,126.606562,양방향,N,N,Y,2017,고창군청,063-560-2790
30,24,방범용,가로변,심원초등학교 앞,,35.52486446,126.552871,양방향,N,N,Y,2017,고창군청,063-560-2790
31,23,방범용,가로변,신림초등학교 정문,,35.49349016,126.7007307,양방향,N,N,Y,2017,고창군청,063-560-2790
32,22,방범용,가로변,성송초등학교 앞,,35.3553148,126.6444943,양방향,N,N,Y,2017,고창군청,063-560-2790
33,21,방범용,가로변,성내초등학교 정문,,35.53742864,126.7432402,양방향,N,N,Y,2017,고창군청,063-560-2790
34,20,방범용,가로변,선동초등학교 앞,,35.36754459,126.5553234,양방향,N,N,Y,2017,고창군청,063-560-2790
35,19,방범용,가로변,상하초등학교 정문,,35.44387792,126.4887125,양방향,N,N,Y,2017,고창군청,063-560-2790
36,18,방범용,가로변,부안초등학교 정문,,35.51278839,126.6635954,양방향,N,N,Y,2017,고창군청,063-560-2790
37,17,방범용,가로변,봉암초등학교 후문,,35.55911707,126.6274682,양방향,N,N,Y,2017,고창군청,063-560-2790
38,16,방범용,가로변,봉암초등학교 정문,,35.55729876,126.6274849,양방향,N,N,Y,2017,고창군청,063-560-2790
39,15,방범용,가로변,무장초등학교 앞,,35.41575081,126.5634787,양방향,N,N,Y,2017,고창군청,063-560-2790
40,14,방범용,가로변,매산초등학교 후문,,35.34039269,126.5941934,양방향,N,N,Y,2017,고창군청,063-560-2790
41,13,방범용,가로변,매산초등학교 정문,,35.34001677,126.5959897,양방향,N,N,Y,2017,고창군청,063-560-2790
42,12,방범용,가로변,동호초등학교 앞,,35.506915,126.493633,양방향,N,N,Y,2017,고창군청,063-560-2790
43,11,방범용,가로변,대아초등학교 정문,,35.44026231,126.6344761,양방향,N,N,Y,2017,고창군청,063-560-2790
44,10,방범용,가로변,대산초등학교 정문,,35.32796998,126.5634177,양방향,N,N,Y,2017,고창군청,063-560-2790
45,9,방범용,가로변,공음초등학교 후문,,35.3769618,126.5103332,양방향,N,N,Y,2017,고창군청,063-560-2790
46,8,방범용,가로변,공음초등학교 정문,,35.3769618,126.5103332,양방향,N,N,Y,2017,고창군청,063-560-2790
47,7,방범용,가로변,고창초등학교정문 앞,,35.43496343,126.7038645,양방향,N,N,Y,2017,고창군청,063-560-2790
48,6,방범용,가로변,연합신경외과 앞,,35.43491828,126.7047498,양방향,N,N,Y,2017,고창군청,063-560-2790
49,5,방범용,가로변,고창남초등학교정문사거리,,35.42999354,126.6991984,양방향,N,N,Y,2017,고창군청,063-560-2790
50,4,방범용,가로변,고창남초등학교관사옆,,35.42966311,126.6968182,양방향,N,N,Y,2017,고창군청,063-560-2790
51,3,방범용,가로변,고창남초등학교 앞,,35.43034156,126.6969024,양방향,N,N,Y,2017,고창군청,063-560-2790
52,2,방범용,가로변,고수초등학교 앞,,35.40393976,126.6850252,양방향,N,N,Y,2017,고창군청,063-560-2790
53,1,방범용,가로변,가평초등학교 앞,,35.47774446,126.7375819,양방향,N,N,Y,2017,고창군청,063-560-2790
54,85,방범용,가로변,흥덕터미널 앞,,35.51919234,126.6990699,양방향,N,N,Y,2021,고창군청,063-560-2790
55,84,방범용,가로변,매산초등학교 서문,,35.33956677,126.593836,양방향,N,N,Y,2021,고창군청,063-560-2790
56,83,방범용,가로변,대아초등학교 후문,,35.43927465,126.6340538,양방향,N,N,Y,2021,고창군청,063-560-2790
57,82,방범용,가로변,고수원광어린이집 앞,,35.42035776,126.6830606,양방향,N,N,Y,2021,고창군청,063-560-2790
58,81,방범용,가로변,체육공원정상,,35.44290106,126.696328,양방향,N,N,Y,2020,고창군청,063-560-2790
59,80,방범용,가로변,생활체육테마공원,,35.44264595,126.6983831,양방향,N,N,Y,2020,고창군청,063-560-2790
60,79,방범용,가로변,덕산공원,,35.42691773,126.6955732,양방향,N,N,Y,2020,고창군청,063-560-2790
61,78,방범용,가로변,조산저수지 공원,,35.3856606,126.6918623,양방향,N,N,Y,2019,고창군청,063-560-2790
62,77,방범용,가로변,모양성 서문 주차장,,35.43247196,126.6977685,양방향,N,N,Y,2019,고창군청,063-560-2790
63,76,방범용,가로변,남부공원 입구,,35.42796187,126.6990669,양방향,N,N,Y,2019,고창군청,063-560-2790
64,마령면-2,기타,화장실,마령체련공원화장실(대),전북특별자치도 진안군 마령면 강정리 636-3,35.744644,127.3471,미연계,N,N,N,1111,마령면행정복지센터,063-430-8329
65,마령면-3,기타,화장실,마령면사무소 화장실,전북특별자치도 진안군 마령면 솔안2길 8,35.734403,127.370861,미연계,N,N,N,1111,마령면행정복지센터,063-430-8329
66,부귀면-1,기타,화장실,화장실정면,,35.85543,127.371864,미연계,N,N,N,1111,부귀면행정복지센터,063-430-8345
67,부귀면-2,기타,화장실,화장실정면,전북특별자치도 진안군 부귀면 세동리 69-3,35.807437,127.323169,미연계,N,N,N,1111,부귀면행정복지센터,063-430-8345
68,부귀면-3,기타,화장실,화장실정면,,35.839152,127.346136,미연계,N,N,N,1111,부귀면행정복지센터,063-430-8345
69,부귀면-4,기타,화장실,화장실정면,,35.835889,127.361502,미연계,N,N,N,1111,부귀면행정복지센터,063-430-8345
70,동향면 체련공원 화장실 1번,기타,화장실,여자화장실,전북특별자치도 진안군 동향면 능금리 2198-2,35.84165,127.57491,미연계,N,N,N,1111,동향면행정복지센터,063-430-8242
71,동향면 체련공원 화장실 2번,기타,화장실,여자화장실,전북특별자치도 진안군 동향면 진성로 1687,35.84134,127.57612,미연계,N,N,N,1111,동향면행정복지센터,063-430-8242
72,동향면행정복지센터화장실,기타,화장실,여자화장실,,35.8382,127.56726,미연계,N,N,N,1111,동향면행정복지센터,063-430-8242
73,천반산휴양림화장실,기타,화장실,여자화장실,전북특별자치도 진안군 동향면 성산리 836-6,35.82314,127.53272,미연계,N,N,N,1111,동향면행정복지센터,063-430-8242
74,상전면-1,방범용,건물,상전면사무소 남자화장실,전북특별자치도 진안군 상전면 주평리 1045-5,35.823062,127.48717,미연계,N,N,N,2019,상전면행정복지센터,063-430-8263
75,상전면-2,방범용,건물,상전면사무소 남자화장실,전북특별자치도 진안군 상전면 주평리 1045-5,35.823062,127.48717,미연계,N,N,N,2019,상전면행정복지센터,063-430-8263
76,상전면-3,방범용,건물,상전다목적구장 남자화장실,전북특별자치도 진안군 상전면 주평리 1045-5,35.822338,127.486693,미연계,N,N,N,2019,상전면행정복지센터,063-430-8263
77,상전면-4,방범용,건물,상전다목적구장 여자화장실,전북특별자치도 진안군 상전면 주평리 1045-5,35.822338,127.486693,미연계,N,N,N,2019,상전면행정복지센터,063-430-8263
78,75,방범용,가로변,구름동산,,35.5396117,126.743676,양방향,N,N,Y,2019,고창군청,063-560-2790
79,74,방범용,가로변,배풍산 정상,,35.52519376,126.700376,양방향,N,N,Y,2019,고창군청,063-560-2790
80,73,방범용,가로변,배풍산 공원,,35.52465906,126.7010133,양방향,N,N,Y,2019,고창군청,063-560-2790
81,72,방범용,가로변,모양성 매표소,,35.43210384,126.7033367,양방향,N,N,Y,2019,고창군청,063-560-2790
82,71,방범용,가로변,MTB파크,,35.43235023,126.7382716,양방향,N,N,Y,2019,고창군청,063-560-2790
83,70,방범용,가로변,고창초등학교 후문,,35.43663868,126.7029209,양방향,N,N,Y,2018,고창군청,063-560-2790
84,69,방범용,가로변,경안어린이집 앞,,35.432387,126.700521,양방향,N,N,Y,2018,고창군청,063-560-2790
85,68,방범용,가로변,고창남초등학교 앞,,35.43034156,126.6969024,양방향,N,N,Y,2018,고창군청,063-560-2790
86,67,방범용,가로변,무장초등학교 후문,,35.41398035,126.5639603,양방향,N,N,Y,2018,고창군청,063-560-2790
87,66,방범용,가로변,상하초등학교 후문,,35.44373292,126.4866676,양방향,N,N,Y,2018,고창군청,063-560-2790
88,65,방범용,가로변,성송초등학교 입구,,35.35512504,126.6454825,양방향,N,N,Y,2018,고창군청,063-560-2790
89,64,방범용,가로변,성내초등학교 입구,,35.53645009,126.7445321,양방향,N,N,Y,2018,고창군청,063-560-2790
90,63,방범용,가로변,가평초등학교 입구,,35.47847842,126.7383412,양방향,N,N,Y,2018,고창군청,063-560-2790
91,62,방범용,가로변,신림초등학교 후문,,35.49324549,126.6983897,양방향,N,N,Y,2018,고창군청,063-560-2790
92,61,방범용,가로변,흥덕초등학교 입구,,35.5185636,126.6999404,양방향,N,N,Y,2018,고창군청,063-560-2790
93,60,방범용,가로변,부안초등학교 후문,,35.51228019,126.6619509,양방향,N,N,Y,2018,고창군청,063-560-2790
94,59,방범용,가로변,동호초등학교 후문,,35.506915,126.493633,양방향,N,N,Y,2018,고창군청,063-560-2790
95,58,방범용,가로변,대아초등학교 후문,,35.44020335,126.6317587,양방향,N,N,Y,2018,고창군청,063-560-2790
96,57,방범용,가로변,아산초등학교 후문,,35.48339911,126.6065849,양방향,N,N,Y,2018,고창군청,063-560-2790
97,56,방범용,가로변,고창군통합관제센터,,35.43585456,126.7020165,양방향,N,N,Y,2018,고창군청,063-560-2790
98,55,방범용,가로변,택지공원놀이터,,35.43654965,126.7098608,양방향,N,N,Y,2018,고창군청,063-560-2790
99,환경과 5,방범용,화장실,내장산문화광장,전북특별자치도 정읍시 부전동 1004,35.5255932,126.8961447,양방향,Y,N,N,2019,전북특별자치도 정읍시청,063-539-5732
100,환경과 4,방범용,화장실,워터파크화장실,전북특별자치도 정읍시 쌍암동 536-4,35.5205447,126.8960373,양방향,Y,N,N,2019,전북특별자치도 정읍시청,063-539-5732
101,환경과 3,방범용,화장실,칠보물테마유원지,전북특별자치도 정읍시 칠보면 무성리 1017-1,35.6061085,126.9854212,양방향,Y,N,N,2019,전북특별자치도 정읍시청,063-539-5732
102,환경과 2,방범용,화장실,산내면소재지,전북특별자치도 정읍시 산내면 능교리 444-1,35.5668234,127.0297879,양방향,Y,N,N,2019,전북특별자치도 정읍시청,063-539-5732
103,환경과 1,방범용,화장실,장명동 소공원휴게소,전북특별자치도 정읍시 구룡동 산 242-25,35.5774724,126.8716255,양방향,Y,N,N,2019,전북특별자치도 정읍시청,063-539-5732
104,산림녹지과 12,방범용,화장실,공단공원,전북특별자치도 정읍시 하북동 858-1,35.5941194,126.8687801,양방향,Y,N,N,2018,전북특별자치도 정읍시청,063-539-5772
105,산림녹지과 11,방범용,화장실,수성근린공원,전북특별자치도 정읍시 수성동 931,35.5821619,126.8538212,양방향,Y,N,N,2018,전북특별자치도 정읍시청,063-539-5772
106,상전면-5,방범용,건물,상전게이트볼장 남자화장실,전북특별자치도 진안군 상전면 주평리 1045-5,35.822467,127.486473,미연계,N,N,N,2019,상전면행정복지센터,063-430-8263
107,상전면-6,방범용,건물,상전게이트볼장 여자화장실,전북특별자치도 진안군 상전면 주평리 1045-5,35.822467,127.486473,미연계,N,N,N,2019,상전면행정복지센터,063-430-8263
108,정천면-1,기타,화장실,원월평유원지내 화장실,전북특별자치도 진안군 정천면 월평리 983-1,35.854332,127.440378,미연계,N,N,N,1111,정천면행정복지센터,063-430-8364
109,정천면-2,기타,화장실,학동마을 화장실,전북특별자치도 진안군 정천면 봉학리 882-4,35.889023,127.397243,미연계,N,N,N,1111,정천면행정복지센터,063-430-8364
110,정천면-3,기타,화장실,정천면사무소 공중화장실,,35.872699,127.429288,미연계,N,N,N,1111,정천면행정복지센터,063-430-8364
111,정천면-4,기타,화장실,마조마을 간이화장실(마을안),,35.89276,127.375669,미연계,N,N,N,1111,정천면행정복지센터,063-430-8364
112,주천면사무소,기타,화장실,여자화장실,전북특별자치도 진안군 주천면 주양리 437-3,35.97517,127.4256,미연계,N,N,N,2015,주천면행정복지센터,063-430-8398
113,안정화장실,기타,화장실,여자화장실,전북특별자치도 진안군 주천면 운봉리 324-1,35.94697,127.42587,미연계,N,N,N,2020,주천면행정복지센터,063-430-8398
114,처사화장실,기타,화장실,여자화장실,전북특별자치도 진안군 주천면 대불리 1936-1,35.93379,127.35624,미연계,N,N,N,2020,주천면행정복지센터,063-430-8398
115,진안고원시장-1,방범용,화장실,진안고원시장 공중화장실(식당동 여자화장실),전북특별자치도 진안군 진안읍 군상리 406-7,35.79274,127.42947,미연계,N,N,N,2021,진안군청(농촌활력과),063-430-8053
116,진안고원시장-2,약자보호,화장실,진안고원시장 공중화장실(식당동 장애인화장실),전북특별자치도 진안군 진안읍 군상리 406-7,35.79271,127.42943,미연계,N,N,N,2021,진안군청(농촌활력과),063-430-8053
117,진안고원시장-3,방범용,화장실,진안고원시장 공중화장실(점포동),전북특별자치도 진안군 진안읍 군상리 406-7,35.79226,127.42957,미연계,N,N,N,2021,진안군청(농촌활력과),063-430-8053
118,문화체육과-1,약자보호,화장실,진안파크골프장,전북특별자치도 진안군 진안읍 운산리 70,35.815779,127.461391,미연계,N,N,N,1111,진안군청(문화체육과),063-430-2377
119,문화체육과-2,약자보호,화장실,공설운동장(건물내),전북특별자치도 진안군 진안읍 군하리 34,35.786712,127.427753,미연계,N,N,N,1111,진안군청(문화체육과),063-430-2377
120,문화체육과-3,약자보호,화장실,월랑공원(국궁장 옆),전북특별자치도 진안군 진안읍 군하리 35,35.786743,127.429213,미연계,N,N,N,1111,진안군청(문화체육과),063-430-2377
121,문화체육과-4,약자보호,화장실,월랑공원(전천후게이트볼장 옆),전북특별자치도 진안군 진안읍 군하리 58,35.788235,127.427081,미연계,N,N,N,1111,진안군청(문화체육과),063-430-2377
122,농업기술센터-1,방범용,화장실,농업기술센터 여자화장실,,35.761909,127.43709,미연계,N,N,N,2019,농업기술센터,063-430-8616
123,시외버스공용정류장-1,약자보호,건물,진안시외버스공용정류장 화장실,전북특별자치도 진안군 진안읍 군상리 401,35.792077,127.431035,미연계,N,N,N,1111,진안군청(건설교통과),063-433-2508
124,0040,방범용,가로변,119혁신 안전센터 뒷길,,35.83215092,127.0234765,양방향,N,N,N,2016,완주군청,063-290-2303
125,0041,방범용,가로변,정농마을 입구 삼거리,,35.8403909,127.018388,양방향,N,N,N,2016,완주군청,063-290-2303
126,0042,방범용,가로변,혁신카센터 뒷길 삼거리,,35.8330997,127.0216772,양방향,N,N,N,2016,완주군청,063-290-2303
127,0043,방범용,가로변,정든농원앞,,35.83361458,127.0233972,양방향,N,N,N,2016,완주군청,063-290-2303
128,0044,방범용,가로변,정농마을 과수원 삼거리,,35.8401696,127.0181107,양방향,N,N,N,2016,완주군청,063-290-2303
129,0045,방범용,가로변,해교마을 축제타운 원룸단지입구,,35.8320034,127.0178487,양방향,N,N,N,2016,완주군청,063-290-2303
130,0046,방범용,가로변,신마산마을회관모정입구,,35.820045,127.027094,양방향,N,N,N,2016,완주군청,063-290-2303
131,0047,방범용,가로변,둔산새마을금고건너편,,35.57432072,127.7193728,양방향,N,N,N,2016,완주군청,063-290-2303
132,0048,방범용,가로변,구중교다리앞 부근,,36.0274212,127.1130815,양방향,N,N,N,2016,완주군청,063-290-2303
133,0050,방범용,가로변,네네치킨사거리,,35.914191,127.0716035,양방향,N,N,N,2015,완주군청,063-290-2303
134,0051,방범용,가로변,봉동둔산버스승강장,,35.57494028,127.7490728,양방향,N,N,N,2016,완주군청,063-290-2303
135,0052,방범용,가로변,제일교회정문앞,,35.9127964,127.0716069,양방향,N,N,N,2018,완주군청,063-290-2303
136,0053,방범용,가로변,제일교회 아래,,35.912552,127.9724473,양방향,N,N,N,2018,완주군청,063-290-2303
137,0054,방범용,가로변,탑골드빌라앞,,35.9146757,127.070428,양방향,N,N,N,2018,완주군청,063-290-2303
138,0055,방범용,가로변,한내월룸 앞,,35.9125663,127.069746,양방향,N,N,N,2018,완주군청,063-290-2303
139,0056,방범용,가로변,자이빌원룸 앞,,35.919226,127.0691318,양방향,N,N,N,2018,완주군청,063-290-2303
140,0057,방범용,가로변,영진월룸 앞,,35.919226,127.0689109,양방향,N,N,N,2018,완주군청,063-290-2303
141,0058,방범용,가로변,좋은사람들 원룸뒤,,35.9105542,127.0709784,양방향,N,N,N,2018,완주군청,063-290-2303
142,0059,방범용,가로변,우석대고시텔 골목앞,,35.9139857,127.0704471,양방향,N,N,N,2018,완주군청,063-290-2303
143,0060,방범용,가로변,막사발 전시관앞,,35.9068741,127.0644799,양방향,N,N,N,2018,완주군청,063-290-2303
144,0061,방범용,가로변,농기계임대사업소 옆,,35.9185671,127.0954319,양방향,N,N,N,2018,완주군청,063-290-2303
145,0062,방범용,가로변,화산원룸 앞,,35.91563746,127.0679702,양방향,N,N,N,2018,완주군청,063-290-2303
146,0063,방범용,가로변,솔잎원룸 앞,,35.91605119,127.0691185,양방향,N,N,N,2018,완주군청,063-290-2303
147,0064,방범용,가로변,이레원 원룸앞,,35.9116995,127.0627043,양방향,N,N,N,2018,완주군청,063-290-2303
148,0065,방범용,가로변,원후정 3길 골목,,35.9104343,127.060709,양방향,N,N,N,2018,완주군청,063-290-2303
149,0066,방범용,가로변,둔산리 토니PC방앞,,35.95889578,127.1250062,양방향,N,N,N,2018,완주군청,063-290-2303
150,0067,방범용,가로변,용진읍우체국앞,,35.8808266,127.1559255,양방향,N,N,N,2018,완주군청,063-290-2303
151,0069,방범용,가로변,애통사거리허준건강원앞,,35.81859,126.9988251,양방향,N,N,N,2018,완주군청,063-290-2303
152,0071,방범용,가로변,후상마을 철길엘리베이터 옆,,35.9061324,127.0614871,양방향,N,N,N,2019,완주군청,063-290-2303
153,0072,방범용,가로변,삼례시장 화장실앞,,35.9102042,127.0724084,양방향,N,N,N,2019,완주군청,063-290-2303
154,0073,방범용,가로변,도은어린이집 앞,,35.9332096,127.159962,양방향,N,N,N,2019,완주군청,063-290-2303
155,0074,방범용,가로변,봉동터미널 버스정류장앞,,35.9380947,127.1660692,양방향,N,N,N,2019,완주군청,063-290-2303
156,0075,방범용,가로변,신진맨션 골목,,35.94126,127.169213,양방향,N,N,N,2019,완주군청,063-290-2303
157,0076,방범용,가로변,명진로얄아파트 골목,,35.9373446,127.1618476,양방향,N,N,N,2019,완주군청,063-290-2303
158,0189,방범용,가로변,이성초 정문,,35.47491064,127.2412512,양방향,N,N,N,2012,완주군청,063-290-2303
159,0190,방범용,가로변,소양서초 정문,,35.5134074,127.1236076,양방향,N,N,N,2012,완주군청,063-290-2303
160,0191,방범용,가로변,소양교회 후문앞,,35.51250811,127.1424396,양방향,N,N,N,2011,완주군청,063-290-2303
161,0193,방범용,가로변,소양초 정문,,35.8554077,127.2335593,양방향,N,N,N,2012,완주군청,063-290-2303
162,0194,방범용,가로변,동양초 정문,,35.50377268,127.1612821,양방향,N,N,N,2013,완주군청,063-290-2303
163,0195,방범용,가로변,송광초 정문,,35.5339768,127.1443861,양방향,N,N,N,2013,완주군청,063-290-2303
164,0196,방범용,가로변,대덕초 정문,,35.39393012,127.6384716,양방향,N,N,N,2012,완주군청,063-290-2303
165,0198,방범용,가로변,구이초 정문,,35.4316338,127.7119964,양방향,N,N,N,2011,완주군청,063-290-2303
166,0199,방범용,가로변,구이초 후문1,,35.43143796,127.7137136,양방향,N,N,N,2011,완주군청,063-290-2303
167,0201,방범용,가로변,태봉초 정문,,35.44413484,127.8592872,양방향,N,N,N,2013,완주군청,063-290-2303
168,0202,방범용,가로변,청명초 정문,,35.9562928,127.7281028,양방향,N,N,N,2012,완주군청,063-290-2303
169,0203,방범용,가로변,청명초 후문,,35.4562928,127.7308892,양방향,N,N,N,2012,완주군청,063-290-2303
170,0204,방범용,가로변,고산초 정문,,35.58275196,127.1249201,양방향,N,N,N,2012,완주군청,063-290-2303
171,0205,방범용,가로변,고산초 후문,,35.5831458,127.124829,양방향,N,N,N,2012,완주군청,063-290-2303
172,0206,방범용,가로변,삼우초 후문,,35.5846416,127.1052349,양방향,N,N,N,2013,완주군청,063-290-2303
173,0207,방범용,가로변,삼우초 정문,,35.9680397,127.1778036,양방향,N,N,N,2012,완주군청,063-290-2303
174,1,약자보호,가로변,군청 앞,순창읍 순화리 375-2,35.37432044,127.1365145,양방향,N,Y,N,2016,순창군청,063-650-1245
175,2,약자보호,가로변,까투리 사거리,순창읍 순화리 210-1,35.37336078,127.1423179,양방향,N,Y,N,2016,순창군청,063-650-1245
176,3,약자보호,가로변,영빈장,순창읍 남계리 221-3,35.37482562,127.1429214,양방향,N,Y,N,2016,순창군청,063-650-1245
177,4,약자보호,가로변,사랑교회,순창읍 남계리 964,35.37449333,127.1479591,양방향,N,Y,N,2016,순창군청,063-650-1245
178,5,약자보호,가로변,순창초 정문,,35.37519268,127.1387568,양방향,N,Y,N,2016,순창군청,063-650-1245
179,6,약자보호,공원,일품공원 _ 순창문화원 앞,순창읍 남계리 122-2,35.37681727,127.1495217,양방향,N,Y,N,2016,순창군청,063-650-1245
180,7,약자보호,공원,일품공원 _ 제일고 방향,순창읍 남계리 122-2,35.37681727,127.1495217,양방향,N,Y,N,2016,순창군청,063-650-1245
181,8,약자보호,가로변,노인 건강 증진센터,순창읍 남계리 625-4,35.37293479,127.1411751,양방향,N,Y,N,2016,순창군청,063-650-1245
182,9,약자보호,건물,팔덕초 정문,,35.39292587,127.0970645,양방향,N,Y,N,2016,순창군청,063-650-1245
183,10,약자보호,가로변,중앙초 후문,,35.37728553,127.1451051,양방향,N,Y,N,2016,순창군청,063-650-1245
184,11,약자보호,가로변,중앙초 정문,,35.37728553,127.1451051,양방향,N,Y,N,2016,순창군청,063-650-1245
185,12,약자보호,가로변,순창 어린이집,,35.37664709,127.1352409,양방향,N,Y,N,2016,순창군청,063-650-1245
186,13,약자보호,가로변,순창터미널 화장실 앞,,35.37694163,127.1411508,양방향,N,Y,N,2016,순창군청,063-650-1245
187,14,약자보호,가로변,대석아파트 주변,순창읍 납계리 343-3,35.37434428,127.147585,양방향,N,Y,N,2016,순창군청,063-650-1245
188,15,약자보호,가로변,꿈초롱 빛초롱 어린이집 앞,,35.3749447,127.1408722,양방향,N,Y,N,2016,순창군청,063-650-1245
189,16,약자보호,가로변,시산초 정문,,35.49207118,126.9805428,양방향,N,Y,N,2016,순창군청,063-650-1245
190,17,약자보호,가로변,쌍치초 정문,,35.50207204,127.0028473,양방향,N,Y,N,2016,순창군청,063-650-1245
191,18,약자보호,가로변,복흥초 정문,,35.4311937,126.9323847,양방향,N,Y,N,2016,순창군청,063-650-1245
192,19,약자보호,가로변,동산초 정문,,35.45593761,126.9204282,양방향,N,Y,N,2016,순창군청,063-650-1245
193,0208,방범용,가로변,전북재활학교 정문,,35.59223332,127.1472068,양방향,N,N,N,2012,완주군청,063-290-2303
194,0209,방범용,가로변,고산양화분교정문,,35.56427056,127.1215703,양방향,N,N,N,2013,완주군청,063-290-2303
195,0210,방범용,가로변,비봉초 정문,,35.5951772,127.818582,양방향,N,N,N,2012,완주군청,063-290-2303
196,0211,방범용,가로변,비봉초 후문,,35.59537684,127.8235716,양방향,N,N,N,2012,완주군청,063-290-2303
197,0212,방범용,가로변,운주초 정문,,36.531722,127.1642632,양방향,N,N,N,2012,완주군청,063-290-2303
198,0213,방범용,가로변,화산초 후문,,36.269756,127.1214778,양방향,N,N,N,2012,완주군청,063-290-2303
199,0214,방범용,가로변,화산초 정문,,36.237068,127.1288272,양방향,N,N,N,2012,완주군청,063-290-2303
200,0215,방범용,가로변,동상초 정문,,35.57262548,127.1734778,양방향,N,N,N,2013,완주군청,063-290-2303
201,0216,방범용,가로변,가천초 정문,,36.0330311,127.2625738,양방향,N,N,N,2013,완주군청,063-290-2303
202,0218,방범용,가로변,명작유치원부근,,35.9620422,127.1168953,양방향,N,N,N,2016,완주군청,063-290-2303
203,0219,방범용,가로변,장애인복지관,,35.5686316,127.936774,양방향,N,N,N,2016,완주군청,063-290-2303
204,0220,방범용,가로변,한옥숲유치원,,35.5619176,127.954846,양방향,N,N,N,2016,완주군청,063-290-2303
205,0221,방범용,가로변,봉동유치원,,35.56182436,127.9370368,양방향,N,N,N,2016,완주군청,063-290-2303
206,0222,방범용,가로변,무지개유치원,,35.56201228,127.9533304,양방향,N,N,N,2016,완주군청,063-290-2303
207,0223,방범용,가로변,새싹유치원,,35.55488604,127.9434952,양방향,N,N,N,2016,완주군청,063-290-2303
208,0224,방범용,가로변,생태꿈유치원,,35.58241068,127.1055056,양방향,N,N,N,2016,완주군청,063-290-2303
209,0225,방범용,가로변,꿈나무예능어린이집,,35.9056395,127.0720711,양방향,N,N,N,2016,완주군청,063-290-2303
210,0227,방범용,가로변,이서초공영주차장,,35.8208244,127.0253785,양방향,N,N,N,2016,완주군청,063-290-2303
211,0228,방범용,가로변,고산놀자지역아동센터,,35.582757,127.1247034,양방향,N,N,N,2016,완주군청,063-290-2303
212,0077,방범용,가로변,주공사거리 고기사랑앞,,35.9309316,127.1611984,양방향,N,N,N,2019,완주군청,063-290-2303
213,0078,방범용,가로변,봉동 청소년문화의 집앞,,35.934762,127.167053,양방향,N,N,N,2019,완주군청,063-290-2303
214,0079,방범용,가로변,백제대 창업보육센터 앞,,35.994777,127.12769,양방향,N,N,N,2019,완주군청,063-290-2303
215,0080,방범용,가로변,하신광 마을 입구,,35.767683,127.207688,양방향,N,N,N,2019,완주군청,063-290-2303
216,0081,방범용,가로변,코아루 1차택시승강장앞,,35.959797,127.125721,양방향,N,N,N,2019,완주군청,063-290-2303
217,0082,방범용,가로변,구 용봉교입구(국민체육센터건너편),,35.9369602,127.1714507,양방향,N,N,N,2019,완주군청,063-290-2303
218,0083,방범용,가로변,고산 남문약국사거리,,35.974954,127.20674,양방향,N,N,N,2019,완주군청,063-290-2303
219,0089,방범용,가로변,오성교부근탄소형CCTV,,35.9756906,127.214614,양방향,N,N,N,2019,완주군청,063-290-2303
220,0092,방범용,가로변,삼례공용버스터미널앞,,35.909646,127.074815,양방향,N,N,N,2020,완주군청,063-290-2303
221,0093,방범용,가로변,우석대 시내버스정류장앞,,35.912315,127.073803,양방향,N,N,N,2020,완주군청,063-290-2303
222,0094,방범용,가로변,중앙전자 사거리,,35.9166659,127.0749097,양방향,N,N,N,2020,완주군청,063-290-2303
223,0095,방범용,가로변,서여마을 입구 사거리,,35.900883,127.07003,양방향,N,N,N,2020,완주군청,063-290-2303
224,0096,방범용,가로변,비비정 상생공원앞,,35.905133,127.06334,양방향,N,N,N,2020,완주군청,063-290-2303
225,0097,방범용,가로변,삼례후상마을안 삼거리,,35.9605188,127.1283109,양방향,N,N,N,2020,완주군청,063-290-2303
226,0098,방범용,가로변,둔산공원 입구 사거리,,35.9605162,127.1274297,양방향,N,N,N,2020,완주군청,063-290-2303
227,0099,방범용,가로변,테크항공사거리,,35.96174,127.116931,양방향,N,N,N,2020,완주군청,063-290-2303
228,0100,방범용,가로변,한국프라임제약 사거리,,35.927362,127.162418,양방향,N,N,N,2020,완주군청,063-290-2303
229,0101,방범용,가로변,신월 문화마을 입구,,35.927362,127.162418,양방향,N,N,N,2020,완주군청,063-290-2303
230,0102,방범용,가로변,이서면행복지센터입구,,35.820212,127.0204484,양방향,N,N,N,2020,완주군청,063-290-2303
231,0103,방범용,가로변,이서 중앙정미소앞사거리,,35.8208058,127.0209224,양방향,N,N,N,2020,완주군청,063-290-2303
232,0104,방범용,가로변,이서하늘가아파트입구 삼거리,,35.8203953,127.0261369,양방향,N,N,N,2020,완주군청,063-290-2303
233,20,약자보호,가로변,풍산초 정문,,35.33756824,127.1375958,양방향,N,Y,N,2016,순창군청,063-650-1245
234,21,약자보호,가로변,금과초 정문,,35.33957562,127.0874695,양방향,N,Y,N,2016,순창군청,063-650-1245
235,22,약자보호,가로변,구림초 정문,,35.45334465,127.1010781,양방향,N,Y,N,2016,순창군청,063-650-1245
236,23,약자보호,가로변,옥천초 정문,,35.37317523,127.1463078,양방향,N,Y,N,2016,순창군청,063-650-1245
237,24,약자보호,가로변,순창초 옆문,,35.37525392,127.1387568,양방향,N,Y,N,2016,순창군청,063-650-1245
238,25,약자보호,가로변,적성초 정문,,35.39891997,127.2102084,양방향,N,Y,N,2016,순창군청,063-650-1245
239,26,약자보호,가로변,동계초 정문,,35.44071858,127.2404936,양방향,N,Y,N,2016,순창군청,063-650-1245
240,27,약자보호,가로변,인계초 정문,,35.41461519,127.158924,양방향,N,Y,N,2016,순창군청,063-650-1245
241,28,약자보호,가로변,유등초 정문,,35.36217492,127.1885335,양방향,N,Y,N,2016,순창군청,063-650-1245
242,1,방범용,공원,일품공원,,35.37762479,127.1468391,단방향,N,N,N,2017,순창군청,063-650-1258
243,2,방범용,화장실,순창터미널,,35.37692586,127.1403492,단방향,N,N,N,2017,순창군청,063-650-1258
244,3,방범용,기타,전통시장 어물전,,35.37157591,127.146159,단방향,N,N,N,2017,순창군청,063-650-1258
245,4,방범용,기타,민속마을,,35.36853075,127.111003,단방향,N,N,N,2017,순창군청,063-650-1258
246,5,방범용,기타,민속마을,,35.36860021,127.1099773,단방향,N,N,N,2017,순창군청,063-650-1258
247,6,방범용,기타,공설운동장,,35.37074488,127.1287269,단방향,N,N,N,2017,순창군청,063-650-1258
248,7,방범용,기타,공설운동장,,35.37074488,127.1287269,단방향,N,N,N,2017,순창군청,063-650-1258
249,8,방범용,기타,용궐산,,35.46277122,127.2014381,단방향,N,N,N,2017,순창군청,063-650-1258
250,9,방범용,기타,섬진강체육공원,,35.37113773,127.1959238,단방향,N,N,N,2017,순창군청,063-650-1258
251,10,방범용,기타,향가캠핑장,,35.33910742,127.1918601,단방향,N,N,N,2017,순창군청,063-650-1258
252,11,방범용,기타,병풍폭포,,35.407617,127.065332,단방향,N,N,N,2017,순창군청,063-650-1258
253,0105,방범용,가로변,원조남원골 추어탕앞,,35.9605951,127.122872,양방향,N,N,N,2020,완주군청,063-290-2303
254,0106,방범용,가로변,청춘포차 앞,,35.9595789,127.122779,양방향,N,N,N,2020,완주군청,063-290-2303
255,0107,방범용,가로변,고산만인식당앞,,35.9742897,127.2098265,양방향,N,N,N,2020,완주군청,063-290-2303
256,0108,방범용,가로변,신교마을입구 삼거리,,35.8540447,127.2055464,양방향,N,N,N,2020,완주군청,063-290-2303
257,0109,방범용,가로변,금당리입구GS주유소앞,,36.0849249,127.2593866,양방향,N,N,N,2020,완주군청,063-290-2303
258,0110,방범용,가로변,양화교차로 화정리방향,,35.9527349,127.1876574,양방향,N,N,N,2020,완주군청,063-290-2303
259,0388,방범용,가로변,삼례시장앞 사거리,,35.910456,127.0721148,양방향,N,N,N,2021,완주군청,063-290-2303
260,0390,방범용,가로변,백제대학교 원룸단지 삼거리,,35.9934614,127.123322,양방향,N,N,N,2021,완주군청,063-290-2303
261,0166,방범용,가로변,삼례중앙초 정문,,35.918014,127.080857,양방향,N,N,N,2012,완주군청,063-290-2303
262,0167,방범용,가로변,삼례중앙초 후문,,35.919894,127.080607,양방향,N,N,N,2012,완주군청,063-290-2303
263,0168,방범용,가로변,삼례동초 정문,,35.920528,127.105228,양방향,N,N,N,2012,완주군청,063-290-2303
264,0169,방범용,가로변,삼례동초 후문,,35.921293,127.106082,양방향,N,N,N,2012,완주군청,063-290-2303
265,0170,방범용,가로변,삼례초 정문,,35.909321,127.069783,양방향,N,N,N,2010,완주군청,063-290-2303
266,0171,방범용,가로변,삼례초 코너,,35.908912,127.068132,양방향,N,N,N,2012,완주군청,063-290-2303
267,0172,방범용,가로변,삼례초 후문,,35.910209,127.067492,양방향,N,N,N,2015,완주군청,063-290-2303
268,0174,방범용,가로변,봉서초 정문,,35.962525,127.125754,양방향,N,N,N,2010,완주군청,063-290-2303
269,0175,방범용,가로변,봉서초후문,,35.57500292,127.7323436,양방향,N,N,N,2014,완주군청,063-290-2303
270,0176,방범용,가로변,봉동초 정문,,35.5686316,127.936774,양방향,N,N,N,2010,완주군청,063-290-2303
271,0177,방범용,가로변,봉동초 후문,,35.56156468,127.9424404,양방향,N,N,N,2014,완주군청,063-290-2303
272,0178,방범용,가로변,봉성초 정문,,35.55198912,127.9192204,양방향,N,N,N,2013,완주군청,063-290-2303
273,0217,방범용,가로변,청완초 정문,,35.9620422,127.1168953,양방향,N,N,N,2020,완주군청,063-290-2303
274,0180,방범용,가로변,용봉초 정문,,35.54178272,127.9237999,양방향,N,N,N,2012,완주군청,063-290-2303
275,0181,방범용,가로변,간중초 정문,,35.5342596,127.1049872,양방향,N,N,N,2012,완주군청,063-290-2303
276,0182,방범용,가로변,간중초 후문,,35.53249216,127.105543,양방향,N,N,N,2012,완주군청,063-290-2303
277,0183,방범용,가로변,용진초 정문,,35.51229248,127.1038089,양방향,N,N,N,2012,완주군청,063-290-2303
278,0184,방범용,가로변,남관초 정문,,35.4321252,127.1359761,양방향,N,N,N,2012,완주군청,063-290-2303
279,0186,방범용,가로변,남관초교차로,,35.43218609,127.1357032,양방향,N,N,N,2012,완주군청,063-290-2303
280,0187,방범용,가로변,상관초 정문,,35.46192204,127.1225502,양방향,N,N,N,2013,완주군청,063-290-2303
281,0188,방범용,가로변,이서초 정문,,35.49134724,127.1275196,양방향,N,N,N,2012,완주군청,063-290-2303
282,0001,방범용,가로변,GS마트앞(우석대후문),,35.910764,127.063148,양방향,N,N,N,2017,완주군청,063-290-2303
283,0002,방범용,가로변,중서신마을 좋은사람들 원룸 앞,,35.9075077,127.052624,양방향,N,N,N,2017,완주군청,063-290-2303
284,0003,방범용,가로변,한별고 현대자동차 뒤,,35.9078751,127.0719583,양방향,N,N,N,2017,완주군청,063-290-2303
285,0004,방범용,가로변,만경동마을 편의점 앞 삼거리,,35.9123275,127.06718,양방향,N,N,N,2017,완주군청,063-290-2303
286,0005,방범용,가로변,만경동마을 베스트빌 앞,,35.9136073,127.0674054,양방향,N,N,N,2017,완주군청,063-290-2303
287,0006,방범용,가로변,원후동마을 한술애 앞,,35.912279,127.0747844,양방향,N,N,N,2017,완주군청,063-290-2303
288,0007,방범용,가로변,남서신마을 한별고 아래쪽,,35.82471,127.096552,양방향,N,N,N,2017,완주군청,063-290-2303
289,0008,방범용,가로변,화산마을 안길,,35.9152469,127.0679014,양방향,N,N,N,2017,완주군청,063-290-2303
290,0009,방범용,가로변,화산마을 빌라 앞,,35.915658,127.068732,양방향,N,N,N,2017,완주군청,063-290-2303
291,0010,방범용,가로변,황금동마을 삼례오피스텔 인근,,35.9133606,127.0703543,양방향,N,N,N,2017,완주군청,063-290-2303
292,0011,방범용,가로변,원후정마을 탑건원룸 앞 사거리,,35.9102999,127.0603891,양방향,N,N,N,2017,완주군청,063-290-2303
293,0012,방범용,가로변,원역전마을 삼례역앞,,35.9084385,127.0625548,양방향,N,N,N,2017,완주군청,063-290-2303
294,0014,방범용,가로변,인터숲 카페앞,,35.8315969,127.0191719,양방향,N,N,N,2014,완주군청,063-290-2303
295,0015,방범용,가로변,토마토빌라 앞,,35.83174404,127.020829,양방향,N,N,N,2014,완주군청,063-290-2303
296,0016,방범용,가로변,로뎀하우스 빌라앞 삼거리,,35.8319254,127.0215216,양방향,N,N,N,2014,완주군청,063-290-2303
297,0018,방범용,가로변,지사울공원 뒷길 비타민G빌라앞,,35.830399,127.1132384,양방향,N,N,N,2014,완주군청,063-290-2303
298,0019,방범용,가로변,예원빌라 앞 사거리,,35.828259,127.1235646,양방향,N,N,N,2014,완주군청,063-290-2303
299,0020,방범용,가로변,삼우중 뒷길,,35.825433,128.128668,양방향,N,N,N,2014,완주군청,063-290-2303
300,0021,방범용,가로변,BHC 빌딩 혁신점 삼거리,,35.827789,127.1278868,양방향,N,N,N,2014,완주군청,063-290-2303
301,0022,방범용,가로변,자치인력개발원 후문앞,,35.829773,127.024531,양방향,N,N,N,2014,완주군청,063-290-2303
302,0023,방범용,가로변,자치인력개발원 정문앞,,35.8322208,127.0237218,양방향,N,N,N,2014,완주군청,063-290-2303
303,0024,방범용,가로변,자치인력개발원 뒷길 로타리(정농마을입구),,35.5069036,127.1250536,양방향,N,N,N,2014,완주군청,063-290-2303
304,0025,방범용,가로변,특작과학원앞 자전거도로,,35.5071772,127.1524748,양방향,N,N,N,2014,완주군청,063-290-2303
305,0026,방범용,가로변,에코르1단지 정문앞,,35.83978668,127.0554846,양방향,N,N,N,2014,완주군청,063-290-2303
306,0027,방범용,가로변,에코르1단지 후문앞,,35.83978044,127.0533418,양방향,N,N,N,2014,완주군청,063-290-2303
307,0028,방범용,가로변,한국식품연구원농생명로 로타리,,35.8327749,127.0426595,양방향,N,N,N,2014,완주군청,063-290-2303
308,0029,방범용,가로변,식량과학원 후방 200m앞,,35.8382349,127.0507245,양방향,N,N,N,2014,완주군청,063-290-2303
309,0030,방범용,가로변,이노힐스 8단지 후문앞,,35.8359319,127.0417782,양방향,N,N,N,2014,완주군청,063-290-2303
310,0031,방범용,가로변,민족사관 유치원옆(주공마트),,35.5054384,127.3162864,양방향,N,N,N,2014,완주군청,063-290-2303
311,0032,방범용,가로변,전기안전공사(엠카운티),,35.8370735,127.0560032,양방향,N,N,N,2014,완주군청,063-290-2303
312,0035,방범용,가로변,sky원룸앞(양동길15),,35.8359319,127.024316,양방향,N,N,N,2014,완주군청,063-290-2303
313,0036,방범용,가로변,"통신국사(전주,완주)내",,35.8391643,127.0528707,양방향,N,N,N,2014,완주군청,063-290-2303
314,D32F19,기타,건물,임실군청 주택토지과,전북특별자치도 임실군 임실읍 이도리 78 임실군청,35.618021,127.288981,단방향,Y,N,N,2019,임실군청,063-640-2253
315,D32F13,기타,건물,임실읍사무소,전북특별자치도 임실군 임실읍 이도리 202,35.617342,127.286805,단방향,Y,N,N,2019,임실읍사무소,063-640-4043
316,D32F16,기타,건물,성수면사무소,전북특별자치도 임실군 성수면 양지리 267-10 성수면사무소,35.629905,127.33324,단방향,Y,N,N,2019,성수면사무소,063-640-4172
317,D32F10,기타,건물,삼계면사무소,전북특별자치도 임실군 삼계면 삼계리 425-1 삼계면사무소,35.507655,127.274395,단방향,Y,N,N,2019,삼계면사무소,063-640-4273
318,D32F17,기타,건물,지사면사무소,전북특별자치도 임실군 지사면 방계리 655-7 임실군지사면사무실,35.563921,127.357627,단방향,Y,N,N,2019,지사면사무소,063-640-4403
319,D32F15,기타,건물,관촌면사무소,전북특별자치도 임실군 관촌면 관촌리 346 관촌면사무소,35.673734,127.270841,단방향,N,N,N,2019,관촌면사무소,063-640-4313
320,D32F18,기타,건물,신평면사무소,전북특별자치도 임실군 신평면 원천리 212 신평면사무소,35.657092,127.223981,단방향,Y,N,N,2019,신평면사무소,063-640-4143
321,D32F11,기타,건물,신덕면사무소,전북특별자치도 임실군 신덕면 수천리 501-3 신덕면사무소,35.683956,127.178131,단방향,Y,N,N,2019,신덕면사무소,063-640-4243
322,D32F16,기타,건물,운암면사무소,전북특별자치도 임실군 운암면 쌍암리 819 운암면사무소,35.660648,127.160478,단방향,Y,N,N,2019,운암면사무소,063-640-4103
323,0038,방범용,가로변,가로등점멸기 사거리,,35.4959484,127.194692,양방향,N,N,N,2016,완주군청,063-290-2303
324,0039,방범용,가로변,다솜어울림빌라 뒷길 사거리,,35.4958692,127.1196428,양방향,N,N,N,2016,완주군청,063-290-2303
325,45720-250-01,방범용,화장실,만남의광장 공중화장실,전북특별자치도 진안군 진안읍 군하리 223-2,35.788992,127.425908,미연계,N,N,N,2019,진안읍행정복지센터,063-430-8132
326,45720-250-02,방범용,화장실,부귀산주차장,전북특별자치도 진안군 진안읍 군상리 1092-6,35.802691,127.413082,미연계,N,N,N,2019,진안읍행정복지센터,063-430-8132
327,D32F14,기타,건물,덕치면사무소,전북특별자치도 임실군 덕치면 회문리 111 덕치면사무소,35.510075,127.157243,단방향,Y,N,N,2019,덕치면사무소,063-640-4373
328,D32F09,기타,건물,강진면사무소,전북특별자치도 임실군 강진면 갈담리 303-1 강진면 사무소,35.53024,127.1637,단방향,Y,N,N,2019,강진면사무소,063-640-4344
329,D32F12,기타,건물,청웅면사무소,전북특별자치도 임실군 청웅면 구고리 219-7 청웅면사무소,35.569755,127.201305,단방향,Y,N,N,2019,청웅면사무소,063-640-4073
330,012-2348-3563,방범용,화장실,부안 상설시장 주차장화장실,부안군 부안읍 서외리 56-6,35.727004,126.730919,단방향,Y,N,N,2016,전북특별자치도 부안군,063-580-4547
331,012-2348-3562,방범용,화장실,썬키스로드 내 화장실,부안군 부안읍 신운리 37-1,35.727192,126.755117,단방향,Y,N,N,2016,전북특별자치도 부안군,063-580-4547
332,012-2348-3572,방범용,화장실,물의거리 화장실,부안군 부안읍 서외리 542-5,35.722328,126.73236,단방향,Y,N,N,2016,전북특별자치도 부안군,063-580-4547
333,012-2348-3577,방범용,화장실,매 창 공 원,부안군 부안읍 서외리 571-4,35.71996,126.728754,단방향,Y,N,N,2016,전북특별자치도 부안군,063-580-4547
334,012-2348-3593,방범용,화장실,서 림 공 원(Ⅰ),부안군 부안읍 서외리 산1-1,35.731645,126.730298,단방향,Y,N,N,2016,전북특별자치도 부안군,063-580-4547
335,012-2348-3564,방범용,화장실,부안시외버스터미널,부안군 부안읍 봉덕리 574-13,35.726934,126.736958,단방향,Y,N,N,2016,전북특별자치도 부안군,063-580-4547
336,012-2348-3561,방범용,화장실,부안시내버스터미널 옆,부안군 부안읍 봉덕리 803-1,35.726634,126.738752,단방향,Y,N,N,2016,전북특별자치도 부안군,063-580-4547
337,012-2348-3597,방범용,화장실,변산 송포항 입구(해변공원 B동),부안군 변산면 대항리 562-5,35.681562,126.531855,단방향,Y,N,N,2016,전북특별자치도 부안군,063-580-4547
338,012-2348-3574,방범용,화장실,변산 송포항 입구(해변공원 A동),부안군 변산면 대항리 523-91,35.68156,126.531856,단방향,Y,N,N,2016,전북특별자치도 부안군,063-580-4547
339,012-2348-3571,방범용,화장실,격포 터미널,부안군 변산면 격포리 302-38,35.681562,126.531856,단방향,Y,N,N,2016,전북특별자치도 부안군,063-580-4547
340,012-2348-3558,방범용,화장실,해창화장실,부안군 변산면 중계리 산18-21,35.678305,126.568898,단방향,Y,N,N,2016,전북특별자치도 부안군,063-580-4547
341,012-2348-3570,방범용,화장실,모항해수욕장 화장실1,부안군 변산면 도청리 171-5,35.582727,126.508016,단방향,Y,N,N,2016,전북특별자치도 부안군,063-580-4547
342,012-2348-3608,방범용,화장실,격포전망대 화장실,부안군 변산면 격포리 301-33,35.624656,126.467795,단방향,Y,N,N,2016,전북특별자치도 부안군,063-580-4547
343,012-2348-3575,방범용,화장실,격포채석강,부안군 변산면 격포리 산 47-61,35.628184,126.470741,단방향,Y,N,N,2016,전북특별자치도 부안군,063-580-4547
344,012-2348-3609,방범용,화장실,곰소다용도부지,진서면 곰소리 911,35.588744,126.612411,단방향,Y,N,N,2016,전북특별자치도 부안군,063-580-4547
345,012-2348-3601,방범용,화장실,곰소어항화장실,진서면 곰소리 842,35.586421,126.607552,단방향,Y,N,N,2016,전북특별자치도 부안군,063-580-4547
346,012-2348-3613,방범용,화장실,내소사화장실,부안군 진서면 석포리 266-1,35.617176,126.587863,단방향,Y,N,N,2016,전북특별자치도 부안군,063-580-4547
347,012-2348-3594,방범용,화장실,백산성 화장실,부안군 백산면 용계리 91,35.718633,126.808228,단방향,Y,N,N,2016,전북특별자치도 부안군,063-580-4547
348,012-2348-3568,방범용,화장실,줄포생태공원(무당벌레),부안군 줄포면 우포리 516-1,35.580903,126.66894,단방향,Y,N,N,2016,전북특별자치도 부안군,063-580-4547
349,012-2348-3576,방범용,화장실,줄포생태공원(프라하의연인),부안군 줄포면 우포리 516-1,35.580903,126.66894,단방향,Y,N,N,2016,전북특별자치도 부안군,063-580-4547
350,012-2956-3378,방범용,화장실,서림공원 2 화장실,부안읍 동중리 산4-2,35.734794,126.731047,단방향,Y,N,N,2018,전북특별자치도 부안군,063-580-4547
351,012-2956-3379,방범용,화장실,격포개방형 회센터 화장실,변산면 격포리 788-25,35.624265,126.470588,단방향,Y,N,N,2018,전북특별자치도 부안군,063-580-4547
352,012-2956-3387,방범용,화장실,실버랜드 드라이브 화장실,변산면 도청리 272-4,35.586633,126.491985,단방향,Y,N,N,2018,전북특별자치도 부안군,063-580-4547
353,안전-1,방범용,화장실,고창읍성 매표소앞,전북특별자치도 고창군 고창읍 읍내리 산9,35.429568,126.704809,단방향,Y,N,N,2020,고창군청,063-560-2882
354,안전-2,방범용,화장실,고인돌박물관,전북특별자치도 고창군 고창읍 고인돌공원길 74,35.441389,126.651454,단방향,Y,N,N,2020,고창군청,063-560-2882
355,안전-3,방범용,화장실,고인돌박물관(대형),전북특별자치도 고창군 고창읍 고인돌공원길 74,35.441389,126.651454,단방향,Y,N,N,2020,고창군청,063-560-2882
356,안전-4,방범용,화장실,고인돌박물관(소형),전북특별자치도 고창군 고창읍 고인돌공원길 74,35.441389,126.651454,단방향,Y,N,N,2020,고창군청,063-560-2882
357,안전-5,방범용,화장실,고인돌유적지1,전북특별자치도 고창군 고창읍 송암길 170-56,35.448462,126.650686,단방향,Y,N,N,2020,고창군청,063-560-2882
358,안전-6,방범용,화장실,고창읍 터미널,전북특별자치도 고창군 고창읍 중앙로 191,35.435757,126.696421,단방향,Y,N,N,2020,고창군청,063-560-2882
359,안전-7,방범용,화장실,해리터미널,전북특별자치도 고창군 해리면 고성리 619-2,35.456247,126.542551,단방향,Y,N,N,2020,고창군청,063-560-2882
360,안전-8,방범용,화장실,대산 터미널,전북특별자치도 고창군 대산면 대성로 234,35.338656,126.600268,단방향,Y,N,N,2020,고창군청,063-560-2882
361,안전-9,방범용,화장실,흥덕버스터미널,전북특별자치도 고창군 흥덕면 선운대로 3722,35.518605,126.699408,단방향,Y,N,N,2020,고창군청,063-560-2882
362,0337,방범용,가로변,둔산공원사거리,,35.9617001,127.1262288,양방향,N,N,N,2015,완주군청,063-290-2303
363,0338,방범용,가로변,혁신도시 국민은행앞,,35.8837567,127.0278553,양방향,N,N,N,2015,완주군청,063-290-2303
364,0339,방범용,가로변,현대자동차화신사거리,,35.943861,127.131147,양방향,N,N,N,2016,완주군청,063-290-2303
365,0340,방범용,가로변,농협은행앞(전북은행사거리),,35.8292964,126.9966207,양방향,N,N,N,2016,완주군청,063-290-2303
366,0108,방범용,가로변,고산만인식당앞,,35.9742897,127.2098265,양방향,N,N,N,2020,완주군청,063-290-2303
367,0229,방범용,가로변,비봉신기방놀이터,,35.59428712,127.8224736,양방향,N,N,N,2016,완주군청,063-290-2303
368,0230,방범용,가로변,완주고 정문,,35.56238956,127.101668,양방향,N,N,N,2015,완주군청,063-290-2303
369,0231,방범용,가로변,예술중고 정문,,35.4319196,127.6338976,양방향,N,N,N,2015,완주군청,063-290-2303
370,0232,방범용,가로변,예술중고 후문,,35.4323934,127.6430524,양방향,N,N,N,2015,완주군청,063-290-2303
371,1,방범용,화장실,방화동휴가촌5 (휴양관 식당),,35.592,127.518,미연계,N,N,Y,2017,장수군,063-350-2471
372,2,방범용,화장실,방화동휴가촌4 (청소년 야영장),,35.592,127.518,미연계,N,N,Y,2017,장수군,063-350-2471
373,3,방범용,화장실,방화동휴가촌3 (오토캠핑장 2구역),,35.592,127.518,미연계,N,N,Y,2017,장수군,063-350-2471
374,4,방범용,화장실,방화동휴가촌2 (오토캠핑장 1구역),,35.592,127.518,미연계,N,N,Y,2017,장수군,063-350-2471
375,5,방범용,화장실,방화동휴가촌1 (체육광장 운동장옆),,35.592,127.518,미연계,N,N,Y,2017,장수군,063-350-2471
376,6,기타,화장실,장수터미널 화장실(남),전북특별자치도 장수군 장수읍 장수리 472-1 장수시외버스터미널,0,0,양방향,Y,N,N,2022,건설교통과,063-350-2566
377,6,방범용,화장실,장수시장 (작은목욕탕 옆),,35.649,127.517,미연계,N,N,N,2017,장수군,063-350-1211
378,7,방범용,화장실,무룡고개 화장실,,35.6442,127.6162,미연계,N,N,N,2018,장수군,063-350-2537
379,8,방범용,화장실,계남면 주차장 화장실,,35.703159,127.5787305,미연계,N,N,N,2018,장수군,063-350-1461
380,D32F20,기타,건물,오수면사무소,전북특별자치도 임실군 오수면 오수리 392-11 오수면 사무소,35.541315,127.326913,단방향,Y,N,N,2019,오수면사무소,063-640-4213
381,안전-10,방범용,화장실,새마을공원,전북특별자치도 고창군 고창읍 석교리 산8,35.443024,126.697561,단방향,Y,N,N,2020,고창군청,063-560-2882
382,안전-11,방범용,화장실,월곡근린공원,전북특별자치도 고창군 고창읍 월곡리 587,35.438103,126.711728,단방향,Y,N,N,2020,고창군청,063-560-2882
383,안전-12,방범용,화장실,월곡어린이공원1,전북특별자치도 고창군 고창읍 교촌리 459,35.436256,126.709752,단방향,Y,N,N,2020,고창군청,063-560-2882
384,안전-13,방범용,화장실,월곡어린이공원2,전북특별자치도 고창군 고창읍 월곡리 756,35.436167,126.714097,단방향,Y,N,N,2020,고창군청,063-560-2882
385,안전-14,방범용,화장실,서해안바람공원,전북특별자치도 고창군 심원면 만돌리 735-1,35.530856,126.514771,단방향,Y,N,N,2020,고창군청,063-560-2882
386,안전-15,방범용,화장실,선운산도립공원(관광안내소 옆),전북특별자치도 고창군 아산면 삼인리 624-4,35.502323,126.587075,단방향,Y,N,N,2020,고창군청,063-560-2882
387,안전-16,방범용,화장실,선운산도립공원(상가 주차장),전북특별자치도 고창군 아산면 삼인리 287-19,35.503291,126.58652,단방향,Y,N,N,2020,고창군청,063-560-2882
388,안전-17,방범용,화장실,선운산도립공원(선운사 일주문 앞),전북특별자치도 고창군 아산면 삼인리 624,35.505938,126.583167,단방향,Y,N,N,2020,고창군청,063-560-2882
389,안전-18,방범용,화장실,선운산도립공원(도솔암 주차장 위),전북특별자치도 고창군 아산면 삼인리 619,35.479744,126.565041,단방향,Y,N,N,2020,고창군청,063-560-2882
390,안전-19,방범용,화장실,선운산도립공원(친환경주차장 내),전북특별자치도 고창군 아산면 삼인리 123,35.504079,126.588503,단방향,Y,N,N,2020,고창군청,063-560-2882
391,안전-20,방범용,화장실,구시포해수욕장 캠핑장,전북특별자치도 고창군 상하면 자룡리 529-50,35.444492,126.435807,단방향,Y,N,N,2020,고창군청,063-560-2882
392,안전-21,방범용,화장실,고창전통시장 공중화장실,전북특별자치도 고창군 고창읍 시장안길 36,35.432315,126.699018,단방향,Y,N,N,2020,고창군청,063-560-2882
393,안전-22,방범용,화장실,한마음주유소,전북특별자치도 고창군 고수면 장두리 18-1,35.395891,126.668549,단방향,Y,N,N,2020,고창군청,063-560-2882
394,안전-23,방범용,화장실,아산주유소,전북특별자치도 고창군 아산면 녹두로 805,35.440248,126.636853,단방향,Y,N,N,2020,고창군청,063-560-2882
395,안전-24,방범용,화장실,유정주유소,전북특별자치도 고창군 아산면 녹두로 924,35.434641,126.647353,단방향,Y,N,N,2020,고창군청,063-560-2882
396,안전-25,방범용,화장실,무장전통시장 공중화장실,전북특별자치도 고창군 무장면 왕제산로 725,35.414464,126.56041,단방향,Y,N,N,2020,고창군청,063-560-2882
397,안전-26,방범용,화장실,무장주유소,전북특별자치도 고창군 무장면 녹두로 82,35.422724,126.567033,단방향,Y,N,N,2020,고창군청,063-560-2882
398,안전-27,방범용,화장실,금광주유소,전북특별자치도 고창군 무장면 학천로 18,35.413925,126.562892,단방향,Y,N,N,2020,고창군청,063-560-2882
399,안전-28,방범용,화장실,학원농장 1,전북특별자치도 고창군 공음면 학원농장길 158-7,35.375784,126.542612,단방향,Y,N,N,2020,고창군청,063-560-2882
400,안전-29,방범용,화장실,학원농장 2,전북특별자치도 고창군 공음면 학원농장길 158-7,35.375784,126.542612,단방향,Y,N,N,2020,고창군청,063-560-2882
401,안전-30,방범용,화장실,학원농장 3,전북특별자치도 고창군 공음면 학원농장길 158-7,35.375784,126.542612,단방향,Y,N,N,2020,고창군청,063-560-2882
402,안전-31,방범용,화장실,동학기포지,전북특별자치도 고창군 공음면 선운대로 308,35.403684,126.495564,단방향,Y,N,N,2020,고창군청,063-560-2882
403,0233,방범용,가로변,완주중 정문,,35.5660612,127.9331252,양방향,N,N,N,2015,완주군청,063-290-2303
404,0234,방범용,가로변,봉서중 정문,,35.9655952,127.1225097,양방향,N,N,N,2015,완주군청,063-290-2303
405,0235,방범용,가로변,봉서중 후문,,35.96453,127.124122,양방향,N,N,N,2015,완주군청,063-290-2303
406,0236,방범용,가로변,한별고 정문,,35.907375,127.072385,양방향,N,N,N,2015,완주군청,063-290-2303
407,0237,방범용,가로변,고산고 정문,,35.979175,127.201203,양방향,N,N,N,2016,완주군청,063-290-2303
408,0238,방범용,가로변,삼례공고 정문,,35.54303084,127.4518348,양방향,N,N,N,2016,완주군청,063-290-2303
409,0239,방범용,가로변,소양중 정문,,35.51195516,127.1356528,양방향,N,N,N,2016,완주군청,063-290-2303
410,0240,방범용,가로변,화산중 후문,,36.222776,127.1156926,양방향,N,N,N,2016,완주군청,063-290-2303
411,0241,방범용,가로변,화산중 정문,,36.231704,127.121201,양방향,N,N,N,2016,완주군청,063-290-2303
412,0242,방범용,가로변,용진중 후문,,35.52535872,127.912705,양방향,N,N,N,2016,완주군청,063-290-2303
413,0243,방범용,가로변,고산중 정문,,35.58416692,127.1235809,양방향,N,N,N,2016,완주군청,063-290-2303
414,0244,방범용,가로변,구이중학교 삼거리,,35.7336096,127.1211095,양방향,N,N,N,2019,완주군청,063-290-2303
415,0245,방범용,가로변,전북체육고 입구 삼거리,,35.864704,127.2478276,양방향,N,N,N,2019,완주군청,063-290-2303
416,0245,방범용,가로변,삼례층혼탑공원좌어린이집,,35.9075641,127.0711654,양방향,N,N,N,2012,완주군청,063-290-2303
417,0247,방범용,가로변,수도산 근린공원(놀이터),,35.9033248,127.0668667,양방향,N,N,N,2012,완주군청,063-290-2303
418,0248,방범용,가로변,우동공원 팔각정,,35.57413964,127.7260428,양방향,N,N,N,2012,완주군청,063-290-2303
419,0249,방범용,가로변,우동공원 농구장,,35.57381996,127.7262776,양방향,N,N,N,2012,완주군청,063-290-2303
420,0250,방범용,가로변,둔산공원 입구 놀이터,,35.57454536,127.738946,양방향,N,N,N,2012,완주군청,063-290-2303
421,0251,방범용,가로변,봉동생강골공원1,,35.55538212,127.9269172,양방향,N,N,N,2012,완주군청,063-290-2303
422,0252,방범용,가로변,봉동생강골공원2,,35.5552264,127.9238356,양방향,N,N,N,2015,완주군청,063-290-2303
423,0253,방범용,가로변,봉동생강골공원3,,35.55512508,127.9281952,양방향,N,N,N,2015,완주군청,063-290-2303
424,0254,방범용,가로변,봉동생강골공원4,,35.55490944,127.9280368,양방향,N,N,N,2012,완주군청,063-290-2303
425,0255,방범용,가로변,둔산어린이공원생태놀이터,,35.573564,127.7273108,양방향,N,N,N,2012,완주군청,063-290-2303
426,0256,방범용,가로변,중앙공원 입구,,35.56341304,127.7360444,양방향,N,N,N,2013,완주군청,063-290-2303
427,0263,방범용,가로변,둔산공원산책로6,,35.57436212,127.7422868,양방향,N,N,N,2013,완주군청,063-290-2303
428,0264,방범용,가로변,경천독립추모공원,,36.3099,127.1247768,양방향,N,N,N,2014,완주군청,063-290-2303
429,0265,방범용,가로변,산들공원,,35.50267504,127.3166104,양방향,N,N,N,2014,완주군청,063-290-2303
430,0266,방범용,가로변,병아리공원,,35.833574,127.054393,양방향,N,N,N,2014,완주군청,063-290-2303
431,0267,방범용,가로변,기차공원,,35.49514812,127.168708,양방향,N,N,N,2014,완주군청,063-290-2303
432,0268,방범용,가로변,씽씽공원,,35.4999512,127.117058,양방향,N,N,N,2014,완주군청,063-290-2303
433,0269,방범용,가로변,비행기공원,,35.48503616,127.124402,양방향,N,N,N,2014,완주군청,063-290-2303
434,0270,방범용,가로변,지사울공원 축구장앞,,35.4943122,127.116248,양방향,N,N,N,2014,완주군청,063-290-2303
435,0271,방범용,가로변,지사울 공원 놀이터앞,,35.829049,126.9840763,양방향,N,N,N,2014,완주군청,063-290-2303
436,0272,방범용,가로변,지사울공원 주차장앞,,35.826164,127.108264,양방향,N,N,N,2014,완주군청,063-290-2303
437,0273,방범용,가로변,지사울공원 농어촌공사표지판앞,,35.826886,127.1189408,양방향,N,N,N,2014,완주군청,063-290-2303
438,0274,방범용,가로변,지사울공원배달마당,,35.8296637,127.0227112,양방향,N,N,N,2014,완주군청,063-290-2303
439,0275,방범용,가로변,소리공원(LH8단지),,35.836057,127.054623,양방향,N,N,N,2014,완주군청,063-290-2303
440,0276,방범용,가로변,윤슬공원 앨리베이터 부근,,35.8342749,127.0390336,양방향,N,N,N,2014,완주군청,063-290-2303
441,0277,방범용,가로변,새라공원(전기안전공사앞),,35.5001536,127.3246708,양방향,N,N,N,2014,완주군청,063-290-2303
442,0278,방범용,가로변,도서관뒤석전근린공원,,35.920741,127.093294,양방향,N,N,N,2014,완주군청,063-290-2303
443,2,기타,화장실,공중화장실(남),전북특별자치도 장수군 장계면 장계리 296-6,0,0,양방향,Y,N,N,2022,건설교통과,063-350-2566
444,3,기타,화장실,공중화장실,전북특별자치도 장수군 번암면 지지리 산 115-43,0,0,양방향,Y,N,N,2022,산림과,063-350-2472
445,4,기타,화장실,"장안산국립공원 화장실(남,여)",전북특별자치도 장수군 장수읍 덕산리 760,0,0,양방향,Y,N,N,2022,산림과,063-350-2472
446,5,기타,화장실,"동촌리 화장실(남,여)",전북특별자치도 장수군 장수읍 동촌리 472-3,0,0,양방향,Y,N,N,2022,문화체육관광과,063-350-2327
447,7,기타,화장실,"의암공원 공중화장실(남,여)",전북특별자치도 장수군 장수읍 장수리 115-1,0,0,양방향,Y,N,N,2022,환경위생과,063-350-2538
448,8,기타,화장실,"뜬봉샘생태공원화장실(1층-여,2층-여)",전북특별자치도 장수군 장수읍 수분리 588 뜬봉샘생태공원조성,0,0,양방향,Y,N,N,2022,환경위생과,063-350-2538
449,9,기타,화장실,동화리 주차장 화장실(여),전북특별자치도 장수군 산서면 동화리 211-6,0,0,양방향,Y,N,N,2022,산서면사무소,063-350-1261
450,1,기타,화장실,"공중화장실(남,여)",전북특별자치도 장수군 계북면 양악리 46-7,0,0,양방향,Y,N,N,2022,산림과,063-350-2472
451,설천면-4,방범용,화장실,반디랜드 야영장3,무주군 설천면 청량리 1100,36.004638,127.453734,양방향,Y,N,N,2017,무주군청,063-320-2265
452,설천면-5,방범용,화장실,반디랜드 야영장4,무주군 설천면 청량리 1100,36.004638,127.453734,양방향,Y,N,N,2017,무주군청,063-320-2265
453,설천면-6,방범용,화장실,설천 터미널,무주군 설천면 소천리 904-123,36.003759,127.471161,양방향,Y,N,N,2018,무주군청,063-320-2265
454,설천면-7,방범용,화장실,구천동 주차장,무주군 설천면 삼공리 411,35.540406,127.463127,양방향,Y,N,N,2017,무주군청,063-320-2265
455,설천면-8,방범용,화장실,설천 실내체육공원,무주군 설천면 소천리 883-1,36.003258,127.472621,양방향,Y,N,N,2017,무주군청,063-320-2265
456,적상면-1,방범용,화장실,적상생활체육공원,무주군 적상면 사천리 294-4,35.563623,127.392701,양방향,Y,N,N,2017,무주군청,063-320-2265
457,적상면-2,방범용,화장실,적상 실내게이트볼장,무주군 적상면 사천리 294-4,35.563623,127.392701,양방향,Y,N,N,2017,무주군청,063-320-2265
458,적상면-3,방범용,화장실,적상 버스정류장,무주군 적상면 사천리 324-3,35.563916,127.393401,양방향,Y,N,N,2017,무주군청,063-320-2265
459,안성면-1,방범용,화장실,안성생활체육공원,무주군 안성면 장기리 1682-2,35.521308,127.385821,양방향,Y,N,N,2017,무주군청,063-320-2265
460,안성면-2,방범용,화장실,덕유산장터,무주군 안성면 장기리 1511-6,35.515904,127.391301,양방향,Y,N,N,2017,무주군청,063-320-2265
461,안성면-3,방범용,화장실,안성공용버스터미널,무주군 안성면 장기리 1506-10,35.520293,127.391384,양방향,Y,N,N,2018,무주군청,063-320-2265
462,부남면-1,방범용,화장실,부남면 실내게이트볼장,무주군 부남면 대소리 468,35.582914,127.333002,양방향,Y,N,N,2017,무주군청,063-320-2265
463,부남면-2,방범용,화장실,부남면 자전거공원,무주군 부남면 대소리 468,35.582914,127.333002,양방향,Y,N,N,2017,무주군청,063-320-2265
464,부남면-3,방범용,화장실,부남체육공원,무주군 부남면 대유리 797-3,35.979058,127.556337,양방향,Y,N,N,2020,무주군청,063-320-2265
465,012-2949-8954,방범용,화장실,무주양수발전소 옆,전북특별자치도 무주군 적상면 포내리 360 무주전력홍보관,35.966934,127.712447,양방향,Y,N,N,2021,무주군청,063-320-2266
466,012-2949-2099,방범용,화장실,무주읍 반딧불아파트 신교로 주변,전북특별자치도 무주군 무주읍 읍내리 103-5,36.009062,127.667123,양방향,Y,N,N,2021,무주군청,036-320-2266
467,0279,방범용,가로변,수도산 근린공원(축구장),,35.9036601,127.0661693,양방향,N,N,N,2015,완주군청,063-290-2303
468,0280,방범용,가로변,만경강생태하천주차장입구,,35.90304,127.062246,양방향,N,N,N,2015,완주군청,063-290-2303
469,0281,방범용,가로변,만경강생태하천산책로,,35.903745,127.059496,양방향,N,N,N,2015,완주군청,063-290-2303
470,0282,방범용,가로변,보건소옆석전근린공원,,35.921204,127.093212,양방향,N,N,N,2015,완주군청,063-290-2303
471,0283,방범용,가로변,봉동신월햇살공원,,35.55417576,127.9396216,양방향,N,N,N,2015,완주군청,063-290-2303
472,0284,방범용,가로변,둔산어린이공원놀이터,,35.57673616,127.7358536,양방향,N,N,N,2015,완주군청,063-290-2303
473,0285,방범용,가로변,우동공원 승강장,,35.57431676,127.7271632,양방향,N,N,N,2016,완주군청,063-290-2303
474,0286,방범용,가로변,둔산공원 주차장,,35.57500616,127.7444756,양방향,N,N,N,2016,완주군청,063-290-2303
475,0287,방범용,가로변,학골공원,,35.56364236,127.8134052,양방향,N,N,N,2016,완주군청,063-290-2303
476,0288,방범용,가로변,매동공원,,35.5782692,127.8269736,양방향,N,N,N,2016,완주군청,063-290-2303
477,0289,방범용,가로변,렉시안아파트뒤삼거리,,35.57523548,127.7202548,양방향,N,N,N,2016,완주군청,063-290-2303
478,0290,방범용,가로변,장기늘푸름공원,,35.57523548,127.9532836,양방향,N,N,N,2016,완주군청,063-290-2303
479,0291,방범용,가로변,고산만경강수변생태공원,,35.9755323,127.1685153,양방향,N,N,N,2016,완주군청,063-290-2303
480,0292,방범용,가로변,고산생활체육공원,,35.9756314,127.1989035,양방향,N,N,N,2016,완주군청,063-290-2303
481,0293,방범용,가로변,설화공원,,35.8351163,127.0236171,양방향,N,N,N,2016,완주군청,063-290-2303
482,0294,방범용,가로변,정농함박골공원,,35.50138192,127.1237036,양방향,N,N,N,2016,완주군청,063-290-2303
483,0295,방범용,가로변,초록공원,,35.4959988,127.304824,양방향,N,N,N,2016,완주군청,063-290-2303
484,0296,방범용,가로변,새누공원,,35.7296056,127.1227745,양방향,N,N,N,2016,완주군청,063-290-2303
485,0297,방범용,가로변,모악산공원관리사무소앞,,35.7294694,127.1097459,양방향,N,N,N,2016,완주군청,063-290-2303
486,0298,방범용,가로변,소양체련공원,,35.51440712,127.1537708,양방향,N,N,N,2016,완주군청,063-290-2303
487,0299,방범용,가로변,운주생활체육공원,,36.0879197,127.2808376,양방향,N,N,N,2016,완주군청,063-290-2303
488,0300,방범용,가로변,화산생활체육공원,,36.1423588,127.1152354,양방향,N,N,N,2016,완주군청,063-290-2303
489,0301,방범용,가로변,동상면민운동장입구,,35.56216348,127.1742659,양방향,N,N,N,2016,완주군청,063-290-2303
490,0302,방범용,가로변,경천생활체육공원,,36.1169212,127.1563432,양방향,N,N,N,2016,완주군청,063-290-2303
491,0303,방범용,가로변,다복공원,,35.56222324,127.7456528,양방향,N,N,N,2016,완주군청,063-290-2303
492,0304,방범용,가로변,상관생활체육공원,,35.7643832,127.2091216,양방향,N,N,N,2016,완주군청,063-290-2303
493,0305,방범용,가로변,비봉생활체육공원,,35.59321576,127.822164,양방향,N,N,N,2016,완주군청,063-290-2303
494,0306,방범용,가로변,물고기마을 입구,,35.50254004,127.1304104,양방향,N,N,N,2016,완주군청,063-290-2303
495,0307,방범용,가로변,봉동신월희망공원,,35.55351984,127.9458676,양방향,N,N,N,2016,완주군청,063-290-2303
496,0308,방범용,가로변,봉동 상장기 공원,,35.56295584,127.1013987,양방향,N,N,N,2016,완주군청,063-290-2303
497,0309,방범용,가로변,만경강생태하천 습지앞,,35.5410728,127.335697,양방향,N,N,N,2016,완주군청,063-290-2303
498,0310,방범용,가로변,대둔산공원,,36.723268,127.1956993,양방향,N,N,N,2016,완주군청,063-290-2303
499,0311,방범용,가로변,노을공원(특작원예과학원부근),,35.5056328,127.156928,양방향,N,N,N,2016,완주군청,063-290-2303
500,0312,방범용,가로변,용소공원,,35.500024,127.123718,양방향,N,N,N,2016,완주군청,063-290-2303
501,0313,방범용,가로변,생강골 공원 주차장,,35.9307023,127.153777,양방향,N,N,N,2019,완주군청,063-290-2303
502,0314,방범용,가로변,성덕길 신상공원,,35.9244868,127.1579177,양방향,N,N,N,2019,완주군청,063-290-2303
503,0316,방범용,가로변,모악산대원사화장실 앞,,35.7323182,127.0952881,양방향,N,N,N,2019,완주군청,063-290-2303
504,0317,방범용,가로변,모악산회전교차로 화장실앞,,35.7297768,127.1041322,양방향,N,N,N,2019,완주군청,063-290-2303
505,0318,방범용,가로변,모악산축구장옆 화장실,,35.729201,127.1060951,양방향,N,N,N,2019,완주군청,063-290-2303
506,0319,방범용,가로변,모악산로컬푸드화장실앞,,35.7294393,127.1072465,양방향,N,N,N,2019,완주군청,063-290-2303
507,012-2948-1490,방범용,화장실,적상생활체육공원,전북특별자치도 무주군 적상면 사천리 294-4 적상생활체육시설,35.941453,127.657364,양방향,Y,N,N,2021,무주군청,063-320-2266
508,0320,방범용,가로변,대둔산주차장화장실앞,,36.1171826,127.3166932,양방향,N,N,N,2019,완주군청,063-290-2303
509,0321,방범용,가로변,대둔산관리사무소화장실앞,,36.1014854,127.3071425,양방향,N,N,N,2019,완주군청,063-290-2303
510,0322,방범용,가로변,대둔산호텔뒤화장실앞,,36.1166487,127.3275393,양방향,N,N,N,2019,완주군청,063-290-2303
511,0323,방범용,가로변,지사울공원놀이터화장실앞,,35.829049,126.9840763,양방향,N,N,N,2020,완주군청,063-290-2303
512,0324,방범용,가로변,소리공원 화장실앞,,35.836057,127.054623,양방향,N,N,N,2020,완주군청,063-290-2303
513,0325,방범용,가로변,우동공원 농구장화장실앞,,35.57381996,127.7262776,양방향,N,N,N,2020,완주군청,063-290-2303
514,0326,방범용,가로변,생강골 공원 화장실앞,,35.9308087,127.1566479,양방향,N,N,N,2020,완주군청,063-290-2303
515,0327,방범용,가로변,봉동 중앙공원화장실앞,,35.9423897,127.1263107,양방향,N,N,N,2020,완주군청,063-290-2303
516,0328,방범용,가로변,둔산공원 주차장화장실앞,,35.963415,127.1287174,양방향,N,N,N,2020,완주군청,063-290-2303
517,0329,방범용,가로변,상관생활체육공원화장실앞,,35.7643832,127.2091216,양방향,N,N,N,2020,완주군청,063-290-2303
518,0330,방범용,가로변,고산만경강수변생태공원화장싫앞,,35.9749395,127.201159,양방향,N,N,N,2020,완주군청,063-290-2303
519,0331,방범용,가로변,운주생활체육공원화장실앞,,36.0881212,127.2800696,양방향,N,N,N,2020,완주군청,063-290-2303
520,0332,방범용,가로변,경천생활체육공원화장실앞,,36.1169212,127.1563432,양방향,N,N,N,2020,완주군청,063-290-2303
521,0333,방범용,가로변,용진카풀주차장화장실앞,,35.8823239,127.1563541,양방향,N,N,N,2020,완주군청,063-290-2303
522,0334,방범용,가로변,비비정상생공원화장실앞,,35.9009149,127.0678174,양방향,N,N,N,2020,완주군청,063-290-2303
523,0335,방범용,가로변,봉동터미널부근공용화장실잎,,35.9381154,127.1665843,양방향,N,N,N,2020,완주군청,063-290-2303
524,완주쓰레기3,방범용,가로변,남신정 마을입구,,35.9222366,127.1063092,양방향,N,N,N,2021,완주군청,063-290-2303
525,0335,방범용,가로변,완주우체국앞,,35.9116421,127.0737128,양방향,N,N,N,2015,완주군청,063-290-2303
526,0336,방범용,가로변,봉동지구대앞,,35.960592,127.128468,양방향,N,N,N,2015,완주군청,063-290-2303
527,012-2948-1490,방범용,화장실,적상생활체육공원,전북특별자치도 무주군 적상면 사천리 294-4 적상생활체육시설,35.941453,127.657364,양방향,Y,N,N,2021,무주군청,063-320-2266
528,012-2949-2099,방범용,화장실,무주읍 반딧불아파트 신교로 주변,전북특별자치도 무주군 무주읍 읍내리 103-5,36.009062,127.667123,양방향,Y,N,N,2021,무주군청,036-320-2266
529,012-2949-8954,방범용,화장실,무주양수발전소 옆,전북특별자치도 무주군 적상면 포내리 360 무주전력홍보관,35.966934,127.712447,양방향,Y,N,N,2021,무주군청,063-320-2266
530,부남면-3,방범용,화장실,부남체육공원,무주군 부남면 대유리 797-3,35.979058,127.556337,양방향,Y,N,N,2020,무주군청,063-320-2265
531,부남면-2,방범용,화장실,부남면 자전거공원,무주군 부남면 대소리 468,35.582914,127.333002,양방향,Y,N,N,2017,무주군청,063-320-2265
532,부남면-1,방범용,화장실,부남면 실내게이트볼장,무주군 부남면 대소리 468,35.582914,127.333002,양방향,Y,N,N,2017,무주군청,063-320-2265
533,안성면-3,방범용,화장실,안성공용버스터미널,무주군 안성면 장기리 1506-10,35.520293,127.391384,양방향,Y,N,N,2018,무주군청,063-320-2265
534,안성면-2,방범용,화장실,덕유산장터,무주군 안성면 장기리 1511-6,35.515904,127.391301,양방향,Y,N,N,2017,무주군청,063-320-2265
535,안성면-1,방범용,화장실,안성생활체육공원,무주군 안성면 장기리 1682-2,35.521308,127.385821,양방향,Y,N,N,2017,무주군청,063-320-2265
536,적상면-3,방범용,화장실,적상 버스정류장,무주군 적상면 사천리 324-3,35.563916,127.393401,양방향,Y,N,N,2017,무주군청,063-320-2265
537,적상면-2,방범용,화장실,적상 실내게이트볼장,무주군 적상면 사천리 294-4,35.563623,127.392701,양방향,Y,N,N,2017,무주군청,063-320-2265
538,적상면-1,방범용,화장실,적상생활체육공원,무주군 적상면 사천리 294-4,35.563623,127.392701,양방향,Y,N,N,2017,무주군청,063-320-2265
539,설천면-8,방범용,화장실,설천 실내체육공원,무주군 설천면 소천리 883-1,36.003258,127.472621,양방향,Y,N,N,2017,무주군청,063-320-2265
540,설천면-7,방범용,화장실,구천동 주차장,무주군 설천면 삼공리 411,35.540406,127.463127,양방향,Y,N,N,2017,무주군청,063-320-2265
541,설천면-6,방범용,화장실,설천 터미널,무주군 설천면 소천리 904-123,36.003759,127.471161,양방향,Y,N,N,2018,무주군청,063-320-2265
542,설천면-5,방범용,화장실,반디랜드 야영장4,무주군 설천면 청량리 1100,36.004638,127.453734,양방향,Y,N,N,2017,무주군청,063-320-2265
543,설천면-4,방범용,화장실,반디랜드 야영장3,무주군 설천면 청량리 1100,36.004638,127.453734,양방향,Y,N,N,2017,무주군청,063-320-2265
544,설천면-3,방범용,화장실,반디랜드 야영장2,무주군 설천면 청량리 1100,36.004638,127.453734,양방향,Y,N,N,2017,무주군청,063-320-2265
545,설천면-2,방범용,화장실,반디랜드 야영장1,무주군 설천면 청량리 1100,36.004638,127.453734,양방향,Y,N,N,2017,무주군청,063-320-2265
546,설천면-1,방범용,화장실,무주반디랜드 야외매점,무주군 설천면 청량리 1100,36.004638,127.453734,양방향,Y,N,N,2017,무주군청,063-320-2265
547,무풍면-5,방범용,화장실,대덕산장터,무주군 무풍면 현내리 259-2,35.580951,127.505592,양방향,Y,N,N,2017,무주군청,063-320-2265
548,무풍면-4,방범용,화장실,무주애플스토리 테마공원2,무주군 무풍면 증산리 1336,35.565895,127.511772,양방향,Y,N,N,2017,무주군청,063-320-2265
549,무풍면-3,방범용,화장실,무주애플스토리 테마공원1,무주군 무풍면 증산리 1336,35.565895,127.511772,양방향,Y,N,N,2017,무주군청,063-320-2265
550,무풍면-2,방범용,화장실,무풍면 실내게이트볼장,무주군 무풍면 현내리 617,35.580044,127.504277,양방향,Y,N,N,2017,무주군청,063-320-2265
551,무풍면-1,방범용,화장실,무풍생활체육공원,무주군 무풍면 현내리 617,35.580044,127.504277,양방향,Y,N,N,2017,무주군청,063-320-2265
552,무주읍-9,방범용,화장실,향로산숲길 화장실,무주군 무주읍 읍내리 472-7,36.004548,127.394768,양방향,Y,N,N,2017,무주군청,063-320-2265
553,무주읍-8,방범용,화장실,무주 예체문화관2,무주군 무주읍 당산리 1199-3,36.000843,127.394527,양방향,Y,N,N,2020,무주군청,063-320-2265
554,무주읍-7,방범용,화장실,무주 예체문화관1,무주군 무주읍 당산리 1199-3,36.000843,127.394527,양방향,Y,N,N,2020,무주군청,063-320-2265
555,안전-32,방범용,화장실,개갑성지,전북특별자치도 고창군 공음면 석교리 166-2,35.385802,126.504677,단방향,Y,N,N,2020,고창군청,063-560-2882
556,안전-33,방범용,화장실,상하전통시장 공중화장실,전북특별자치도 고창군 상하면 명동1길 3,35.444227,126.491267,단방향,Y,N,N,2020,고창군청,063-560-2882
557,안전-34,방범용,화장실,구시포해수욕장(중앙),전북특별자치도 고창군 상하면 자룡리 520-46,35.44552,126.435714,단방향,Y,N,N,2020,고창군청,063-560-2882
558,안전-35,방범용,화장실,상하 농협주유소,전북특별자치도 고창군 상하면 하장리 919-2,35.444772,126.493902,단방향,Y,N,N,2020,고창군청,063-560-2882
559,안전-36,방범용,화장실,해리전통시장 공중화장실,전북특별자치도 고창군 해리면 하련리 685-55,35.458501,126.542203,단방향,Y,N,N,2020,고창군청,063-560-2882
560,안전-37,방범용,화장실,동호해수욕장 (남),전북특별자치도 고창군 해리면 동호리 627,35.51624,126.483239,단방향,Y,N,N,2020,고창군청,063-560-2882
561,안전-38,방범용,화장실,동호해수욕장 (북),전북특별자치도 고창군 해리면 동호리 639,35.518188,126.48453,단방향,Y,N,N,2020,고창군청,063-560-2882
562,안전-39,방범용,화장실,청룡주유소,전북특별자치도 고창군 해리면 하련리 66,35.458898,126.544266,단방향,Y,N,N,2020,고창군청,063-560-2882
563,안전-40,방범용,화장실,해리주유소,전북특별자치도 고창군 해리면 하련리 608-4,35.464377,126.537508,단방향,Y,N,N,2020,고창군청,063-560-2882
564,안전-41,방범용,화장실,대성농협주유소,전북특별자치도 고창군 성송면 대성로 741,35.362339,126.644173,단방향,Y,N,N,2020,고창군청,063-560-2882
565,안전-42,방범용,화장실,대산전통시장 공중화장실,전북특별자치도 고창군 대산면 공음대산로 935,35.340052,126.599154,단방향,Y,N,N,2020,고창군청,063-560-2882
566,안전-43,방범용,화장실,대산주유소,전북특별자치도 고창군 대산면 매산리 1123-1,35.340866,126.604497,단방향,Y,N,N,2020,고창군청,063-560-2882
567,안전-44,방범용,화장실,오성주유소,전북특별자치도 고창군 대산면 춘산리 176-4,35.31991,126.576599,단방향,Y,N,N,2020,고창군청,063-560-2882
568,안전-45,방범용,화장실,대성주유소,전북특별자치도 고창군 대산면 매산리 186-53,35.337303,126.597679,단방향,Y,N,N,2020,고창군청,063-560-2882
569,안전-46,방범용,화장실,흥덕전통시장 공중화장실,전북특별자치도 고창군 흥덕면 흥덕시장길 3,35.520647,126.700133,단방향,Y,N,N,2020,고창군청,063-560-2882
570,안전-47,방범용,화장실,농협주유소,전북특별자치도 고창군 부안면 인촌로 1230,35.515606,126.674379,단방향,Y,N,N,2020,고창군청,063-560-2882
571,환경과 51,방범용,화장실,한빛학원,전북특별자치도 정읍시 상동 315-17,35.5613781,126.8681336,양방향,Y,N,N,2019,전북특별자치도 정읍시청,063-539-5732
572,환경과 50,방범용,화장실,종로약국,전북특별자치도 정읍시 연지동 338-12,35.5736072,126.8451032,양방향,Y,N,N,2019,전북특별자치도 정읍시청,063-539-5732
573,환경과 49,방범용,화장실,우미타운상가,전북특별자치도 정읍시 상동 82,35.5587309,126.8742043,양방향,Y,N,N,2019,전북특별자치도 정읍시청,063-539-5732
574,환경과 48,방범용,화장실,금산빌딩,전북특별자치도 정읍시 연지동 343-41,35.5754541,126.8440727,양방향,Y,N,N,2019,전북특별자치도 정읍시청,063-539-5732
575,환경과 47,방범용,화장실,전봉준 고택,전북특별자치도 정읍시 이평면 장내리 458-1,35.6709233,126.8145666,양방향,Y,N,N,2019,전북특별자치도 정읍시청,063-539-5732
576,환경과 46,방범용,화장실,무성서원,전북특별자치도 정읍시 칠보면 무성리 500,35.6016252,126.9839216,양방향,Y,N,N,2019,전북특별자치도 정읍시청,063-539-5732
577,환경과 45,방범용,화장실,태산 선비문화 사료관,전북특별자치도 정읍시 칠보면 시산리 654-2,35.6029082,126.9885738,양방향,Y,N,N,2019,전북특별자치도 정읍시청,063-539-5732
578,환경과 44,방범용,화장실,김명관 고택,전북특별자치도 정읍시 산외면 오공리 825-1,35.615657,127.0207442,양방향,Y,N,N,2019,전북특별자치도 정읍시청,063-539-5732
579,환경과 43,방범용,화장실,피향정,전북특별자치도 정읍시 태인면 태창리 91-1대,35.6506393,126.9429955,양방향,Y,N,N,2019,전북특별자치도 정읍시청,063-539-5732
580,환경과 42,방범용,화장실,백정기의사기념관,전북특별자치도 정읍시 영원면 은선리 928,35.6521975,126.7832382,양방향,Y,N,N,2019,전북특별자치도 정읍시청,063-539-5732
581,환경과 41,방범용,화장실,수성근린공원,전북특별자치도 정읍시 수성동 931,35.5824567,126.8534499,양방향,Y,N,N,2019,전북특별자치도 정읍시청,063-539-5732
582,환경과 40,방범용,화장실,내장산 조각 공원,전북특별자치도 정읍시 쌍암동 406,35.5097488,126.9002195,양방향,Y,N,N,2019,전북특별자치도 정읍시청,063-539-5732
583,환경과 39,방범용,화장실,충렬사,전북특별자치도 정읍시 수성동 614-1,35.616315,126.8769531,양방향,Y,N,N,2019,전북특별자치도 정읍시청,063-539-5732
584,환경과 38,방범용,화장실,장명1호공원,전북특별자치도 정읍시 장명동 1-4,35.5682391,126.8635364,양방향,Y,N,N,2019,전북특별자치도 정읍시청,063-539-5732
585,환경과 37,방범용,화장실,죽림폭포 공원,전북특별자치도 정읍시 연지동 산31,35.563778,126.8483768,양방향,Y,N,N,2019,전북특별자치도 정읍시청,063-539-5732
586,환경과 36,방범용,화장실,정읍사 공원,전북특별자치도 정읍시 시기동 81-7,35.5507349,126.8615774,양방향,Y,N,N,2019,전북특별자치도 정읍시청,063-539-5732
587,무주읍-6,방범용,화장실,무주반딧불장터,무주군 무주읍 읍내리 1152,36.001604,127.391261,양방향,Y,N,N,2018,무주군청,063-320-2265
588,무주읍-5,방범용,화장실,공용버스터미널,무주군 무주읍 당산리 1229,36.001695,127.395159,양방향,Y,N,N,2018,무주군청,063-320-2265
589,무주읍-4,방범용,화장실,국민체육센터,무주군 무주읍 당산리 1230,36.001607,127.395007,양방향,Y,N,N,2018,무주군청,063-320-2265
590,무주읍-3,방범용,화장실,등나무운동장 앞,무주군 무주읍 당산리 1199-1,36.001211,127.394098,양방향,Y,N,N,2019,무주군청,063-320-2265
591,무주읍-2,방범용,화장실,무주IC 만남의광장,무주군 무주읍 가옥리 300,35.582775,127.390554,양방향,Y,N,N,2019,무주군청,063-320-2265
592,무주읍-1,방범용,화장실,무주군청 관광안내소,무주군 무주읍 읍내리 226-10,36.002263,127.393905,양방향,Y,N,N,2019,무주군청,063-320-2265
593,무주읍-1,방범용,화장실,무주군청 관광안내소,무주군 무주읍 읍내리 226-10,36.002263,127.393905,양방향,Y,N,N,2019,무주군청,063-320-2265
594,무주읍-2,방범용,화장실,무주IC 만남의광장,무주군 무주읍 가옥리 300,35.582775,127.390554,양방향,Y,N,N,2019,무주군청,063-320-2265
595,무주읍-3,방범용,화장실,등나무운동장 앞,무주군 무주읍 당산리 1199-1,36.001211,127.394098,양방향,Y,N,N,2019,무주군청,063-320-2265
596,무주읍-4,방범용,화장실,국민체육센터,무주군 무주읍 당산리 1230,36.001607,127.395007,양방향,Y,N,N,2018,무주군청,063-320-2265
597,무주읍-5,방범용,화장실,공용버스터미널,무주군 무주읍 당산리 1229,36.001695,127.395159,양방향,Y,N,N,2018,무주군청,063-320-2265
598,무주읍-6,방범용,화장실,무주반딧불장터,무주군 무주읍 읍내리 1152,36.001604,127.391261,양방향,Y,N,N,2018,무주군청,063-320-2265
599,무주읍-7,방범용,화장실,무주 예체문화관1,무주군 무주읍 당산리 1199-3,36.000843,127.394527,양방향,Y,N,N,2020,무주군청,063-320-2265
600,무주읍-8,방범용,화장실,무주 예체문화관2,무주군 무주읍 당산리 1199-3,36.000843,127.394527,양방향,Y,N,N,2020,무주군청,063-320-2265
601,무주읍-9,방범용,화장실,향로산숲길 화장실,무주군 무주읍 읍내리 472-7,36.004548,127.394768,양방향,Y,N,N,2017,무주군청,063-320-2265
602,무풍면-1,방범용,화장실,무풍생활체육공원,무주군 무풍면 현내리 617,35.580044,127.504277,양방향,Y,N,N,2017,무주군청,063-320-2265
603,무풍면-2,방범용,화장실,무풍면 실내게이트볼장,무주군 무풍면 현내리 617,35.580044,127.504277,양방향,Y,N,N,2017,무주군청,063-320-2265
604,무풍면-3,방범용,화장실,무주애플스토리 테마공원1,무주군 무풍면 증산리 1336,35.565895,127.511772,양방향,Y,N,N,2017,무주군청,063-320-2265
605,무풍면-4,방범용,화장실,무주애플스토리 테마공원2,무주군 무풍면 증산리 1336,35.565895,127.511772,양방향,Y,N,N,2017,무주군청,063-320-2265
606,무풍면-5,방범용,화장실,대덕산장터,무주군 무풍면 현내리 259-2,35.580951,127.505592,양방향,Y,N,N,2017,무주군청,063-320-2265
607,설천면-1,방범용,화장실,무주반디랜드 야외매점,무주군 설천면 청량리 1100,36.004638,127.453734,양방향,Y,N,N,2017,무주군청,063-320-2265
608,설천면-2,방범용,화장실,반디랜드 야영장1,무주군 설천면 청량리 1100,36.004638,127.453734,양방향,Y,N,N,2017,무주군청,063-320-2265
609,설천면-3,방범용,화장실,반디랜드 야영장2,무주군 설천면 청량리 1100,36.004638,127.453734,양방향,Y,N,N,2017,무주군청,063-320-2265
610,45720-250-03,방범용,화장실,부귀산주차장,전북특별자치도 진안군 진안읍 군상리 1092-6,35.802691,127.413082,미연계,N,N,N,2019,진안읍행정복지센터,063-430-8132
611,45720-250-04,방범용,화장실,공영주차장 공중화장실,전북특별자치도 진안군 진안읍 군상리 386,35.791126,127.430039,미연계,N,N,N,1111,진안읍행정복지센터,063-430-8132
612,45720-250-05,방범용,화장실,공영주차장 공중화장실,전북특별자치도 진안군 진안읍 군상리 386,35.791126,127.430039,미연계,N,N,N,1111,진안읍행정복지센터,063-430-8132
613,45720-250-06,방범용,화장실,공영주차장 공중화장실,전북특별자치도 진안군 진안읍 군상리 386,35.791126,127.430039,미연계,N,N,N,1111,진안읍행정복지센터,063-430-8132
614,45720-250-07,방범용,화장실,공영주차장 공중화장실,전북특별자치도 진안군 진안읍 군상리 386,35.791126,127.430039,미연계,N,N,N,1111,진안읍행정복지센터,063-430-8132
615,45720-250-08,방범용,화장실,공영주차장 공중화장실,전북특별자치도 진안군 진안읍 군상리 386,35.791126,127.430039,미연계,N,N,N,1111,진안읍행정복지센터,063-430-8132
616,45720-250-09,방범용,화장실,공영주차장 공중화장실,전북특별자치도 진안군 진안읍 군상리 386,35.791126,127.430039,미연계,N,N,N,1111,진안읍행정복지센터,063-430-8132
617,45720-250-10,방범용,화장실,진안읍사무소 공중화장실,,35.789157,127.423245,미연계,N,N,N,2019,진안읍행정복지센터,063-430-8132
618,45720-250-11,방범용,화장실,진안읍사무소 공중화장실,,35.789157,127.423245,미연계,N,N,N,2019,진안읍행정복지센터,063-430-8132
619,환경과 35,방범용,화장실,샘고을시장 평화주차장,전북특별자치도 정읍시 시기동 18,35.5555246,126.8638811,양방향,Y,N,N,2019,전북특별자치도 정읍시청,063-539-5732
620,환경과 34,방범용,화장실,샘고을시장 옹기전주차장,전북특별자치도 정읍시 시기동 1409-3,35.5644279,126.8541587,양방향,Y,N,N,2019,전북특별자치도 정읍시청,063-539-5732
621,환경과 33,방범용,화장실,신태인시장(상가),전북특별자치도 정읍시 신태인읍 신태인리 152-8,35.6859106,126.8872153,양방향,Y,N,N,2019,전북특별자치도 정읍시청,063-539-5732
622,용담면-1,약자보호,화장실,화장실 문,전북특별자치도 진안군 용담면 송풍리 1430-5,35.95973,127.51529,미연계,N,N,N,1111,용담면행정복지센터,063-430-8213
623,용담면-2,약자보호,화장실,화장실 문,전북특별자치도 진안군 용담면 송풍리 1182-3,35.953545,127.522956,미연계,N,N,N,1111,용담면행정복지센터,063-430-8213
624,용담면-3,약자보호,화장실,화장실 문,전북특별자치도 진안군 용담면 송풍리 1168-2,35.94999,127.522863,미연계,N,N,N,2010,용담면행정복지센터,063-430-8213
625,용담면-4,약자보호,화장실,화장실 문,전북특별자치도 진안군 용담면 송풍리 1218,35.951733,127.535372,미연계,N,N,N,2010,용담면행정복지센터,063-430-8213
626,용담면-5,약자보호,화장실,화장실 문,전북특별자치도 진안군 용담면 송풍리 998-1,35.965135,127.518953,미연계,N,N,N,2017,용담면행정복지센터,063-430-8213
627,안천면사무소-1,기타,화장실,안천면행정복지센터 여자화장실,전북특별자치도 진안군 안천면 노성리 714,35.8971,127.55288,미연계,N,N,N,2019,안천면행정복지센터,063-430-8225
628,안천면사무소-2,기타,화장실,안천면행정복지센터 여자화장실,전북특별자치도 진안군 안천면 노성리 714,35.8971,127.55288,미연계,N,N,N,2019,안천면행정복지센터,063-430-8225
629,12,방범용,건물,백운면사무소 1층,전북특별자치도 진안군 백운면 동창리 1364,35.689165,127.396086,미연계,N,N,Y,2019,백운면행정복지센터,063-430-8286
630,27,방범용,화장실,냉천 안쪽,전북특별자치도 진안군 성수면 좌포리 1502-1,35.731803,127.299329,단방향,N,N,N,1111,성수면행정복지센터,063-430-8307
631,28,방범용,화장실,성수면사무소,전북특별자치도 진안군 성수면 외궁리 705,35.708612,127.323262,단방향,N,N,N,1111,성수면행정복지센터,063-430-8307
632,29,방범용,화장실,냉천 입구,전북특별자치도 진안군 성수면 좌포리 1630-1,35.731866,127.299329,단방향,N,N,N,1111,성수면행정복지센터,063-430-8307
633,30,방범용,화장실,체련공원,전북특별자치도 진안군 성수면 좌포리 1462,35.714539,127.291536,단방향,N,N,N,1111,성수면행정복지센터,063-430-8307
634,마령면-1,기타,화장실,마령체련공원(소),전북특별자치도 진안군 마령면 강정리 636-3,35.744644,127.3471,미연계,N,N,N,1111,마령면행정복지센터,063-430-8329
635,근대쉼터 공중화장실,방범용,화장실,공중화장실 내부,전북특별자치도 군산시 중앙로1가 10-1,35.98764,126.71043,양방향,Y,N,N,2019,전북특별자치도 군산시청,063-454-5483
636,1,방범용,가로변,동남초교 정문 삼호아파트 입구,익산시 동산동 140-1,35.9315197,126.9685051,미연계,N,N,N,2017,시민안전과 CCTV통합관제센터,063-859-4542
637,2,방범용,가로변,익산초교 후문 큰사랑어린이집,익산시 어양동 593,35.9544355,126.9775836,미연계,N,N,N,2017,시민안전과 CCTV통합관제센터,063-859-4542
638,3,방범용,가로변,북일초교 정문앞 삼거리,익산시 신동 764-1,35.9628474,126.9573551,미연계,N,N,N,2017,시민안전과 CCTV통합관제센터,063-859-4542
639,4,방범용,가로변,남중동 이리별나라 어린이집 앞,익산시 남중동 86-79,35.9467594,126.9570174,미연계,N,N,N,2017,시민안전과 CCTV통합관제센터,063-859-4542
640,5,방범용,공원,신동 2호 어린이공원,익산시 신동 737-1,35.9573629,126.9532778,미연계,N,N,N,2017,시민안전과 CCTV통합관제센터,063-859-4542
641,6,방범용,가로변,남중동 치안센터 사거리,익산시 남중동 34-2,35.9518125,126.9550036,미연계,N,N,N,2017,시민안전과 CCTV통합관제센터,063-859-4542
642,7,방범용,공원,어양동 어양공원,익산시 어양동 661,35.9569937,126.9813632,미연계,N,N,N,2017,시민안전과 CCTV통합관제센터,063-859-4542
643,8,방범용,공원,신동 8호 어린이공원,익산시 신동 823-4,35.959595,126.9538603,미연계,N,N,N,2017,시민안전과 CCTV통합관제센터,063-859-4542
644,9,방범용,공원,어양동 청소년쉼터 공원,익산시 어양동 645-1,35.9573968,126.9763063,미연계,N,N,N,2017,시민안전과 CCTV통합관제센터,063-859-4542
645,10,방범용,공원,영등동 근린공원,익산시 영등동 769,35.9562455,126.9718935,미연계,N,N,N,2017,시민안전과 CCTV통합관제센터,063-859-4542
646,11,방범용,가로변,남창초 후문,익산시 남중동 163-1,35.9446374,126.9533334,미연계,N,N,N,2020,시민안전과 CCTV통합관제센터,063-859-4542
647,12,방범용,가로변,이리여고 후문,익산시 남중동 519-88,35.9444551,126.9483415,미연계,N,N,N,2020,시민안전과 CCTV통합관제센터,063-859-4542
648,13,방범용,가로변,이리여고 정문,익산시 남중동 186-2,35.9444418,126.9505418,미연계,N,N,N,2020,시민안전과 CCTV통합관제센터,063-859-4542
649,죽동마을 공중화장실,방범용,화장실,공중화장실 내부,전북특별자치도 군산시 회현면 세장리 465,35.92253,126.74638,양방향,Y,N,N,2022,전북특별자치도 군산시청,063-454-5483
650,수시탑 아래 공중화장실,방범용,화장실,공중화장실 내부,전북특별자치도 군산시 해망동 998-2,35.98956,126.70267,양방향,Y,N,N,2022,전북특별자치도 군산시청,063-454-5483
651,지곡코아루 뒤 공중화장실,방범용,화장실,공중화장실 내부,전북특별자치도 군산시 지곡동 156-5,35.9545,126.70733,양방향,Y,N,N,2023,전북특별자치도 군산시청,063-454-5483
652,어린이 47공원 공중화장실,방범용,화장실,공중화장실 내부,전북특별자치도 군산시 지곡동 564-1,35.95834,126.7124,양방향,Y,N,N,2018,전북특별자치도 군산시청,063-454-5483
653,돌베게교회 앞 46공원 공중화장실,방범용,화장실,공중화장실 내부,전북특별자치도 군산시 지곡동 531,35.95727,126.70953,양방향,Y,N,N,2014,전북특별자치도 군산시청,063-454-5483
654,시민교회 옆 공중화장실,방범용,화장실,공중화장실 내부,전북특별자치도 군산시 지곡동 510-5,35.95879,126.7066,양방향,Y,N,N,2014,전북특별자치도 군산시청,063-454-5483
655,시청 앞 공중화장실,방범용,화장실,공중화장실 내부,전북특별자치도 군산시 조촌동 897,35.96602,126.73676,양방향,Y,N,N,2018,전북특별자치도 군산시청,063-454-5483
656,법원 옆 공중화장실,방범용,화장실,공중화장실 내부,전북특별자치도 군산시 조촌동 876,35.96897,126.73956,양방향,Y,N,N,2018,전북특별자치도 군산시청,063-454-5483
657,시청 뒤 공중화장실,방범용,화장실,공중화장실 내부,전북특별자치도 군산시 조촌동 867-15,35.96893,126.7368,양방향,Y,N,N,2018,전북특별자치도 군산시청,063-454-5483
658,농협 뒤 공중화장실,방범용,화장실,공중화장실 내부,전북특별자치도 군산시 조촌동 852,35.97243,126.73668,양방향,Y,N,N,2018,전북특별자치도 군산시청,063-454-5483
659,신실교회 옆 공중화장실,방범용,화장실,공중화장실 내부,전북특별자치도 군산시 조촌동 845,35.97365,126.73488,양방향,Y,N,N,2018,전북특별자치도 군산시청,063-454-5483
660,수협지점 뒤 공중화장실,방범용,화장실,공중화장실 내부,전북특별자치도 군산시 조촌동 837,35.97502,126.7367,양방향,Y,N,N,2018,전북특별자치도 군산시청,063-454-5483
661,삼일탑 공중화장실,방범용,화장실,공중화장실 내부,전북특별자치도 군산시 월명동 34-12,35.98328,126.70166,양방향,Y,N,N,2023,전북특별자치도 군산시청,063-454-5483
662,군산호수 공중화장실,방범용,화장실,공중화장실 내부,전북특별자치도 군산시 옥산면 옥산리 683-1,35.93675,126.74655,양방향,Y,N,N,2022,전북특별자치도 군산시청,063-454-5483
663,관광거점도시추진단1,방범용,화장실,한옥마을 관광안내소 여 공중화장실,전북특별자치도 전주시 완산구 남노송동 100-1,35.81825046,127.1536774,단방향,N,N,Y,2016,전북특별자치도 전주시 관광거점도시추진당,063-281-2664
664,관광거점도시추진단2,방범용,화장실,한옥마을 관광안내소 장애인 화장실,전북특별자치도 전주시 완산구 남노송동 100-1,35.81825046,127.1536774,단방향,N,N,Y,2016,전북특별자치도 전주시 관광거점도시추진당,063-281-2664
665,전주시청1,약자보호,화장실,전주시청 1층,전북특별자치도 전주시 완산구 서노송동 568-1,35.82410842,127.1480438,단방향,N,N,Y,2021,전북특별자치도 전주시 회계과,063-281-2698
666,전주시청2,약자보호,화장실,전주시청 1층,전북특별자치도 전주시 완산구 서노송동 568-1,35.82410842,127.1480438,단방향,N,N,Y,2021,전북특별자치도 전주시 회계과,063-281-2698
667,전주시청3,약자보호,화장실,전주시청 1층,전북특별자치도 전주시 완산구 서노송동 568-1,35.82410842,127.1480438,단방향,N,N,Y,2021,전북특별자치도 전주시 회계과,063-281-2698
668,전주시청4,약자보호,화장실,전주시청 1층,전북특별자치도 전주시 완산구 서노송동 568-1,35.82410842,127.1480438,단방향,N,N,Y,2021,전북특별자치도 전주시 회계과,063-281-2698
669,전주시의회1,약자보호,화장실,전주시의회 1층,전북특별자치도 전주시 완산구 서노송동 568-1,35.82410842,127.1480438,단방향,N,N,Y,2021,전북특별자치도 전주시 회계과,063-281-2698
670,전주시의회2,약자보호,화장실,전주시의회 1층,전북특별자치도 전주시 완산구 서노송동 568-1,35.82410842,127.1480438,단방향,N,N,Y,2021,전북특별자치도 전주시 회계과,063-281-2698
671,전주시의회3,약자보호,화장실,전주시의회 1층,전북특별자치도 전주시 완산구 서노송동 568-1,35.82410842,127.1480438,단방향,N,N,Y,2021,전북특별자치도 전주시 회계과,063-281-2698
672,전주시의회4,약자보호,화장실,전주시의회 1층,전북특별자치도 전주시 완산구 서노송동 568-1,35.82410842,127.1480438,단방향,N,N,Y,2021,전북특별자치도 전주시 회계과,063-281-2698
673,경기전 1,방범용,화장실,경기전 서편 화장실,전북특별자치도 전주시 완산구 풍남동3가 91-5,35.815519,127.1501202,단방향,Y,N,N,2018,전북특별자치도 전주시 전통문화유산과,063-281-2790
674,경기전 2,방범용,화장실,경기전 정문 화장실,전북특별자치도 전주시 완산구 풍남동3가 91-5,35.815519,127.1501202,단방향,Y,N,N,2018,전북특별자치도 전주시 전통문화유산과,063-281-2790
675,조경단,방범용,화장실,조경단 화장실,전북특별자치도 전주시 덕진구 덕진동1가   640-9,35.85146656,127.136467,단방향,Y,N,N,2020,전북특별자치도 전주시 전통문화유산과,063-281-5361
676,강암서예관,방범용,화장실,강암서예관,전북특별자치도 전주시 완산구 교동 197,35.81128084,127.1524752,양방향,Y,N,N,2021,전북특별자치도 전주시 한옥마을지원과,063-281-5123
677,한옥마을역사관,방범용,화장실,한옥마을역사관,전북특별자치도 전주시 완산구 풍남동3가 49-1,35.81596116,127.1524857,양방향,Y,N,N,2015,전북특별자치도 전주시 한옥마을지원과,063-281-5123
678,선비문화관,방범용,화장실,선비문화관,전북특별자치도 전주시 완산구 풍남동3가 17-3,35.81581426,127.1538235,양방향,Y,N,N,2015,전북특별자치도 전주시 한옥마을지원과,063-281-5123
679,전통문화연수원,방범용,화장실,전통문화연수원,전북특별자치도 전주시 완산구 교동 28-2,35.81265215,127.1566435,양방향,Y,N,N,2015,전북특별자치도 전주시 한옥마을지원과,063-281-5123
680,완판본문화관,방범용,화장실,완판본문화관,전북특별자치도 전주시 완산구 교동 19-3,35.81196229,127.1579796,양방향,Y,N,N,2015,전북특별자치도 전주시 한옥마을지원과,063-281-5123
681,부채문화관,방범용,화장실,부채문화관,전북특별자치도 전주시 완산구 풍남동3가 67-6,35.81558271,127.15185,양방향,Y,N,N,2015,전북특별자치도 전주시 한옥마을지원과,063-281-5123
682,최명희문학관,방범용,화장실,최명희문학관,전북특별자치도 전주시 완산구 풍남동3가 67-5,35.81570404,127.1513361,양방향,Y,N,N,2015,전북특별자치도 전주시 한옥마을지원과,063-281-5123
683,전통술박물관,방범용,화장실,전통술박물관,전북특별자치도 전주시 완산구 풍남동3가 39-3,35.81685036,127.1534667,양방향,Y,N,N,2015,전북특별자치도 전주시 한옥마을지원과,063-281-5123
684,한옥마을지원과1층,방범용,화장실,한옥마을지원과1층,전북특별자치도 전주시 완산구 전동 71,35.81412219,127.1489923,양방향,Y,N,N,2015,전북특별자치도 전주시 한옥마을지원과,063-281-5187
685,어진박물관1,방범용,화장실,전주 어진박물관 여자화장실,전북특별자치도 전주시 완산구 풍남동3가 91-5,35.815519,127.1501202,단방향,Y,N,N,2019,전북특별자치도 전주시 어진박물관,063-231-0090
686,어진박물관2,방범용,기타,전주 어진박물관 수유실,전북특별자치도 전주시 완산구 풍남동3가 91-5,35.815519,127.1501202,단방향,Y,N,N,2019,전북특별자치도 전주시 어진박물관,063-231-0190
687,완산구 어린이공원1,방범용,공원,약수공원,전북특별자치도 전주시 완산구 삼천동1가 615-4,35.79702522,127.1211805,단방향,Y,Y,N,2022,전북특별자치도 전주시 공원관리과,063-281-2695
688,완산구 어린이공원2,방범용,공원,모퉁이공원,전북특별자치도 전주시 완산구 삼천동1가   672-1,35.79372016,127.1181521,단방향,Y,Y,N,2022,전북특별자치도 전주시 공원관리과,063-281-2695
689,완산구 어린이공원3,방범용,공원,송정공원,전북특별자치도 전주시 완산구 삼천동1가   609,35.79814472,127.1174232,단방향,Y,Y,N,2022,전북특별자치도 전주시 공원관리과,063-281-2695
690,완산구 어린이공원4,방범용,공원,세내공원,전북특별자치도 전주시 완산구 삼천동1가 636,35.79609007,127.1246256,단방향,Y,Y,N,2022,전북특별자치도 전주시 공원관리과,063-281-2695
691,완산구 어린이공원5,방범용,공원,메너머1길공원,전북특별자치도 전주시 완산구 중화산동2가   573,35.82167593,127.1213322,단방향,Y,Y,N,2022,전북특별자치도 전주시 공원관리과,063-281-2695
692,완산구 어린이공원6,방범용,공원,인정길공원,전북특별자치도 전주시 완산구 중화산동2가   586,35.8193028,127.1194681,단방향,Y,Y,N,2022,전북특별자치도 전주시 공원관리과,063-281-2695
693,완산구 어린이공원7,방범용,공원,중산10길공원,전북특별자치도 전주시 완산구 중화산동2가   598,35.81861931,127.1219537,단방향,Y,Y,N,2022,전북특별자치도 전주시 공원관리과,063-281-2695
694,완산구 어린이공원8,방범용,공원,중산5길공원,전북특별자치도 전주시 완산구 중화산동2가   630,35.81582266,127.1221841,단방향,Y,N,N,2019,전북특별자치도 전주시 공원관리과,063-281-2695
695,완산구 어린이공원9,방범용,공원,중산3길공원,전북특별자치도 전주시 완산구 중화산동2가   619,35.81551245,127.1190226,단방향,Y,Y,N,2022,전북특별자치도 전주시 공원관리과,063-281-2695
696,완산구 어린이공원10,방범용,공원,화산네거리공원,전북특별자치도 전주시 완산구 중화산동2가   643,35.81349502,127.1212284,단방향,Y,N,N,2022,전북특별자치도 전주시 공원관리과,063-281-2695
697,완산구 어린이공원11,방범용,공원,한두평공원,전북특별자치도 전주시 완산구 중화산동2가   662-5,35.8138669,127.1249097,단방향,Y,N,N,2019,전북특별자치도 전주시 공원관리과,063-281-2695
698,완산구 어린이공원12,방범용,공원,근영공원,전북특별자치도 전주시 완산구 중화산동2가   655-4,35.81734089,127.1248339,단방향,Y,Y,N,2022,전북특별자치도 전주시 공원관리과,063-281-2695
699,완산구 어린이공원13,방범용,공원,태평어린이공원,전북특별자치도 전주시 완산구 태평동   301,35.82561491,127.1411978,단방향,Y,Y,N,2022,전북특별자치도 전주시 공원관리과,063-281-2695
700,완산구 어린이공원14,방범용,공원,용두길공원,전북특별자치도 전주시 완산구 서신동   844,35.82743631,127.1136139,단방향,Y,N,N,2019,전북특별자치도 전주시 공원관리과,063-281-2695
701,완산구 어린이공원15,방범용,공원,전룡공원,전북특별자치도 전주시 완산구 서신동   834,35.82800698,127.1168991,단방향,Y,Y,N,2022,전북특별자치도 전주시 공원관리과,063-281-2695
702,완산구 어린이공원16,방범용,공원,안터공원,전북특별자치도 전주시 완산구 서신동   787-1,35.83091122,127.1196293,단방향,Y,Y,N,2022,전북특별자치도 전주시 공원관리과,063-281-2695
703,완산구 어린이공원17,방범용,공원,고사평동공원,전북특별자치도 전주시 완산구 서신동   1018,35.83820556,127.1086174,단방향,Y,Y,N,2022,전북특별자치도 전주시 공원관리과,063-281-2695
704,완산구 어린이공원18,방범용,공원,선수촌공원,전북특별자치도 전주시 완산구 서신동   965-4,35.83474476,127.1191635,단방향,Y,Y,N,2022,전북특별자치도 전주시 공원관리과,063-281-2695
705,완산구 어린이공원19,방범용,공원,가절길공원,전북특별자치도 전주시 완산구 효자동1가 610,35.81192009,127.1159074,단방향,Y,Y,N,2022,전북특별자치도 전주시 공원관리과,063-281-2695
706,완산구 어린이공원20,방범용,공원,장성공원,전북특별자치도 전주시 완산구 효자동1가   631,35.80919207,127.1171132,단방향,Y,Y,N,2022,전북특별자치도 전주시 공원관리과,063-281-2695
707,완산구 어린이공원21,방범용,공원,효문공원,전북특별자치도 전주시 완산구 효자동1가   653,35.80235417,127.1152654,단방향,Y,Y,N,2020,전북특별자치도 전주시 공원관리과,063-281-2695
708,완산구 어린이공원22,방범용,공원,풍남공원,전북특별자치도 전주시 완산구 효자동1가   655,35.80069621,127.1145129,단방향,Y,Y,N,2020,전북특별자치도 전주시 공원관리과,063-281-2695
709,완산구 어린이공원23,방범용,공원,효림공원,전북특별자치도 전주시 완산구 효자동1가   659-4,35.81029906,127.1267309,단방향,Y,Y,N,2022,전북특별자치도 전주시 공원관리과,063-281-2695
710,완산구 어린이공원24,방범용,공원,은빛공원,전북특별자치도 전주시 완산구 효자동1가   690-5,35.80308494,127.1338644,단방향,Y,N,N,2019,전북특별자치도 전주시 공원관리과,063-281-2695
711,완산구 근린공원18,방범용,공원,완산공원(편백숲),전북특별자치도 전주시 완산구 동완산동   377-3,35.80638408,127.1434863,단방향,Y,Y,N,2022,전북특별자치도 전주시 공원관리과,063-281-2103
712,완산구 근린공원19,방범용,공원,삼천1공원(성지산),전북특별자치도 전주시 완산구 효자동1가 567-1,35.80209452,127.1235184,단방향,Y,Y,N,2022,전북특별자치도 전주시 공원관리과,063-281-2103
713,완산구 근린공원20,방범용,공원,효자공원,전북특별자치도 전주시 완산구 효자동1가   634,35.81104873,127.1201511,단방향,Y,Y,N,2022,전북특별자치도 전주시 공원관리과,063-281-2103
714,완산구 근린공원21,방범용,공원,산성공원(좁은목약수터),전북특별자치도 전주시 완산구 동서학동 산 152-7,35.80749573,127.1625772,단방향,Y,Y,N,2022,전북특별자치도 전주시 공원관리과,063-281-2103
715,완산구 근린공원22,방범용,공원,솔바람공원,전북특별자치도 전주시 완산구 효자동2가   1200-1,35.80638976,127.0995211,단방향,Y,Y,N,2022,전북특별자치도 전주시 공원관리과,063-281-2103
716,완산구 근린공원23,방범용,공원,용호근린공원,전북특별자치도 전주시 완산구 효자동2가   1333-2,35.80689806,127.1042158,단방향,Y,Y,N,2022,전북특별자치도 전주시 공원관리과,063-281-2103
717,완산구 근린공원24,방범용,공원,서부제3공원,전북특별자치도 전주시 완산구 효자동3가   1526-1,35.8187033,127.1106167,단방향,Y,Y,N,2022,전북특별자치도 전주시 공원관리과,063-281-2103
718,완산구 근린공원25,방범용,공원,완산공원 정상주차장옆(간이),전북특별자치도 전주시 완산구 서서학동 산 20-2,35.80325598,127.141816,단방향,Y,N,N,2019,전북특별자치도 전주시 공원관리과,063-281-2103
719,완산구 근린공원26,방범용,공원,모악산 연분암,전북특별자치도 전주시 완산구 중인동   산 144,35.74950121,127.0768371,단방향,Y,Y,N,2022,전북특별자치도 전주시 공원관리과,063-281-2103
720,완산구 근린공원27,방범용,공원,모꼬지공원,전북특별자치도 전주시 완산구 효자동2가 1371,35.800893,127.107989,단방향,Y,Y,N,2022,전북특별자치도 전주시 공원관리과,063-281-2103
721,덕진구 근린공원1,방범용,공원,중산보공원,전북특별자치도 전주시 덕진구 우아동2가   907,35.83053163,127.1711123,단방향,Y,N,N,2020,전북특별자치도 전주시 공원관리과,063-281-2103
722,덕진구 근린공원2,방범용,공원,인후공원(인후배수지),전북특별자치도 전주시 덕진구 우아동3가   산 41-11,35.84550475,127.1611082,단방향,Y,N,N,2019,전북특별자치도 전주시 공원관리과,063-281-2103
723,덕진구 근린공원3,방범용,공원,인후공원(류씨제각),전북특별자치도 전주시 덕진구 인후동1가   548-1,35.84129847,127.1577683,단방향,Y,N,N,2018,전북특별자치도 전주시 공원관리과,063-281-2103
724,덕진구 근린공원4,방범용,공원,나들목가족공원(1),전북특별자치도 전주시 덕진구 용정동   469-15,35.87621968,127.0555405,단방향,Y,N,N,2019,전북특별자치도 전주시 공원관리과,063-281-2103
725,덕진구 근린공원5,방범용,공원,나들목가족공원(2),전북특별자치도 전주시 덕진구 용정동   469-15,35.87621968,127.0555405,단방향,Y,Y,N,2022,전북특별자치도 전주시 공원관리과,063-281-2103
726,덕진구 근린공원6,방범용,공원,만성문화공원,전북특별자치도 전주시 덕진구 만성동   1339-18,35.84938801,127.079261,단방향,Y,N,N,2021,전북특별자치도 전주시 공원관리과,063-281-2103
727,덕진구 근린공원7,방범용,공원,팔복공원,전북특별자치도 전주시 덕진구 팔복동3가 404,35.85144205,127.0870112,단방향,Y,N,N,2019,전북특별자치도 전주시 공원관리과,063-281-2103
728,덕진구 근린공원8,방범용,공원,기지제수변공원,전북특별자치도 전주시 덕진구 장동   1094,35.84124785,127.0644982,단방향,Y,Y,N,2022,전북특별자치도 전주시 공원관리과,063-281-2103
729,덕진구 근린공원9,방범용,공원,엽순공원,전북특별자치도 전주시 덕진구 장동   1073-1,35.8430173,127.0607347,단방향,Y,N,N,2021,전북특별자치도 전주시 공원관리과,063-281-2103
730,덕진구 근린공원10,방범용,공원,중동근린공원,전북특별자치도 전주시 덕진구 중동   787-11,35.83354843,127.0621413,단방향,Y,Y,N,2022,전북특별자치도 전주시 공원관리과,063-281-2103
731,덕진구 근린공원11,방범용,공원,오공근린공원,전북특별자치도 전주시 덕진구 중동   830,35.83284416,127.0536117,단방향,Y,Y,N,2022,전북특별자치도 전주시 공원관리과,063-281-2103
732,덕진구 근린공원12,방범용,공원,기지제 수질복원센터,전북특별자치도 전주시 덕진구 장동 144-3,35.84645267,127.0631109,단방향,Y,N,N,2021,전북특별자치도 전주시 공원관리과,063-281-2103
733,덕진구 근린공원13,방범용,공원,건지산(강씨제각),전북특별자치도 전주시 덕진구 호성동1가   863-12,35.86006022,127.1485615,단방향,Y,N,N,2018,전북특별자치도 전주시 공원관리과,063-281-2103
734,덕진구 근린공원15,방범용,공원,건지산(장덕사),전북특별자치도 전주시 덕진구 송천동1가 167-2,35.8590488,127.1293786,단방향,Y,N,N,2019,전북특별자치도 전주시 공원관리과,063-281-2103
735,덕진구 근린공원16,방범용,공원,화정공원,전북특별자치도 전주시 덕진구 송천동2가   1316,35.87592143,127.1320572,단방향,Y,N,N,2020,전북특별자치도 전주시 공원관리과,063-281-2103
736,덕진구 근린공원17,방범용,공원,세병공원(1),전북특별자치도 전주시 덕진구 송천동2가   1316,35.87592143,127.1320572,단방향,Y,N,N,2020,전북특별자치도 전주시 공원관리과,063-281-2103
737,덕진구 근린공원18,방범용,공원,세병공원(2),전북특별자치도 전주시 덕진구 송천동2가   1316,35.87592143,127.1320572,단방향,Y,Y,N,2022,전북특별자치도 전주시 공원관리과,063-281-2103
738,덕진구 근린공원19,방범용,공원,세병공원(3),전북특별자치도 전주시 덕진구 송천동2가   1316,35.87592143,127.1320572,단방향,Y,N,N,2020,전북특별자치도 전주시 공원관리과,063-281-2103
739,덕진구 근린공원20,방범용,공원,만성1호근린공원,전북특별자치도 전주시 덕진구 만성동   1346-7,35.84832025,127.0822396,단방향,Y,N,N,2021,전북특별자치도 전주시 공원관리과,063-281-2103
740,덕진구 근린공원21,방범용,공원,아람길공원,전북특별자치도 전주시 덕진구 인후동1가   858-3,35.83102485,127.1678172,단방향,Y,Y,N,2022,전북특별자치도 전주시 공원관리과,063-281-2103
741,덕진구 근린공원22,방범용,공원,붓내공원,전북특별자치도 전주시 덕진구 송천동2가   1339,35.87140771,127.1296104,단방향,Y,N,N,2020,전북특별자치도 전주시 공원관리과,063-281-2103
742,덕진구 근린공원23,방범용,공원,화산공원,전북특별자치도 전주시 덕진구 진북동 산 67,35.82456339,127.1287814,단방향,Y,N,N,2022,전북특별자치도 전주시 공원관리과,063-281-2103
743,어울림센터1,방범용,건물,어울림센터 1층 화장실,전북특별자치도 전주시 덕진구 송천동1가 186,35.85501829,127.1258282,단방향,N,N,Y,2018,전북특별자치도 전주시 시설관리공단 체육관운영부,063-239-2702
744,어울림센터2,방범용,건물,어울림센터 2층 화장실,전북특별자치도 전주시 덕진구 송천동1가 186,35.85501829,127.1258282,단방향,N,N,Y,2018,전북특별자치도 전주시 시설관리공단 체육관운영부,063-239-2702
745,실내체육관,방범용,화장실,실내체육관 야외화장실,전북특별자치도 전주시 덕진구 금암동 664-51,35.84420805,127.1292609,미연계,N,N,N,2020,전북특별자치도 전주시 시설관리공단 체육관운영부,063-239-2558
746,월드컵경기장1,방범용,화장실,전주 월드컵경기장 동측 공중화장실,전북특별자치도 전주시 덕진구 장동 531-8,35.86808385,127.0645032,미연계,N,N,N,2021,전북특별자치도 전주시 시설관리공단 월드컵운영부,063-239-2673
747,월드컵경기장2,방범용,화장실,전주 월드컵경기장 동남측 공중화장실,전북특별자치도 전주시 덕진구 장동 531-8,35.86808385,127.0645032,미연계,N,N,N,2021,전북특별자치도 전주시 시설관리공단 월드컵운영부,063-239-2673
748,월드컵경기장3,방범용,화장실,전주 월드컵경기장 남측 공중화장실,전북특별자치도 전주시 덕진구 장동 531-8,35.86808385,127.0645032,미연계,N,N,N,2021,전북특별자치도 전주시 시설관리공단 월드컵운영부,063-239-2673
749,종합경기장 야외화장실,방범용,화장실,전주시 종합경기장 야외(농구대근처),전북특별자치도 전주시 덕진구 덕진동1가 1282-2,35.84075454,127.127127,미연계,N,N,N,2016,전북특별자치도 전주시 시설관리공단 수영장운영부,063-239-2657
750,종합경기장 야구장 화장실,방범용,화장실,전주시 종합경기장 야구장,전북특별자치도 전주시 덕진구 덕진동1가 1282-2,35.84075454,127.127127,미연계,N,N,N,2021,전북특별자치도 전주시 시설관리공단 수영장운영부,063-239-2657
751,공원운영부1,방범용,화장실,덕진공원(정문),전북특별자치도 전주시 덕진구 덕진동1가 1316-2,35.84749476,127.1210312,양방향,Y,N,N,2020,전북특별자치도 전주시 시설관리공단 공원운영부,063-239-2604
752,공원운영부2,방범용,화장실,덕진공원(남문),전북특별자치도 전주시 덕진구 덕진동1가 1316-2,35.84749476,127.1210312,양방향,Y,N,N,2020,전북특별자치도 전주시 시설관리공단 공원운영부,063-239-2604
753,공원운영부3,방범용,화장실,덕진공원(후문),전북특별자치도 전주시 덕진구 덕진동1가 1316-2,35.84749476,127.1210312,양방향,Y,N,N,2020,전북특별자치도 전주시 시설관리공단 공원운영부,063-239-2604
754,공원운영부4,방범용,화장실,덕진체련공원 축구장 외부,전북특별자치도 전주시 덕진구 덕진동1가 산 2-1,35.85367053,127.1408646,단방향,Y,N,N,2016,전북특별자치도 전주시 시설관리공단 공원운영부,063-239-2616
755,공원운영부5,방범용,화장실,덕진체련공원 약수터,전북특별자치도 전주시 덕진구 덕진동1가 산 2-1,35.85367053,127.1408646,단방향,Y,N,N,2016,전북특별자치도 전주시 시설관리공단 공원운영부,063-239-2616
756,공원운영부6,방범용,화장실,덕진체련공원 구관리사,전북특별자치도 전주시 덕진구 덕진동1가 산 2-1,35.85367053,127.1408646,단방향,Y,N,N,2016,전북특별자치도 전주시 시설관리공단 공원운영부,063-239-2616
757,완산구 어린이공원25,방범용,공원,평화1공원,전북특별자치도 전주시 완산구 평화동1가   745-1,35.79205926,127.1375172,단방향,Y,N,N,2010,전북특별자치도 전주시 공원관리과,063-281-2695
758,완산구 어린이공원26,방범용,공원,재뜸공원,전북특별자치도 전주시 완산구 서신동   988,35.82684179,127.1234647,단방향,Y,N,N,2019,전북특별자치도 전주시 공원관리과,063-281-2695
759,덕진구 어린이공원1,방범용,공원,구숙사공원,전북특별자치도 전주시 덕진구 인후동2가 1544-8,35.84090844,127.1471427,단방향,Y,Y,N,2022,전북특별자치도 전주시 공원관리과,063-281-2695
760,덕진구 어린이공원2,방범용,공원,진버들공원,전북특별자치도 전주시 덕진구 인후동1가   802-2,35.83554001,127.1633148,단방향,Y,Y,N,2019,전북특별자치도 전주시 공원관리과,063-281-2695
761,덕진구 어린이공원3,방범용,공원,호동골공원,전북특별자치도 전주시 덕진구 우아동1가 1124-5,35.82546444,127.1772309,단방향,Y,Y,N,2022,전북특별자치도 전주시 공원관리과,063-281-2695
762,덕진구 어린이공원4,방범용,공원,금평공원,전북특별자치도 전주시 덕진구 인후동2가 1556-1,35.84488645,127.1495855,단방향,Y,Y,N,2022,전북특별자치도 전주시 공원관리과,063-281-2695
763,덕진구 어린이공원5,방범용,공원,송천유적지공원,전북특별자치도 전주시 덕진구 송천동1가   816-1,35.86501667,127.1187318,단방향,Y,N,N,2008,전북특별자치도 전주시 공원관리과,063-281-2695
764,완산구 근린공원1,방범용,공원,기린공원(오목대),전북특별자치도 전주시 완산구 교동 산 1-3,35.81440238,127.1545707,단방향,Y,Y,N,2022,전북특별자치도 전주시 공원관리과,063-281-2103
765,완산구 근린공원2,방범용,공원,거마공원,전북특별자치도 전주시 완산구 삼천동1가   176-2,35.79902944,127.1200282,단방향,Y,N,N,2019,전북특별자치도 전주시 공원관리과,063-281-2103
766,완산구 근린공원3,방범용,공원,그린공원(1),전북특별자치도 전주시 완산구 삼천동1가 659,35.79492105,127.1214444,단방향,Y,Y,N,2022,전북특별자치도 전주시 공원관리과,063-281-2103
767,완산구 근린공원4,방범용,공원,그린공원(2),전북특별자치도 전주시 완산구 삼천동1가 659,35.79492105,127.1214444,단방향,Y,Y,N,2022,전북특별자치도 전주시 공원관리과,063-281-2103
768,완산구 근린공원5,방범용,공원,강변공원,전북특별자치도 전주시 완산구 삼천동1가   724-1,35.79913644,127.1109993,단방향,Y,Y,N,2022,전북특별자치도 전주시 공원관리과,063-281-2103
769,완산구 근린공원6,방범용,공원,다가공원,전북특별자치도 전주시 완산구 중화산동1가   150-3,35.81415056,127.1377817,단방향,Y,Y,N,2022,전북특별자치도 전주시 공원관리과,063-281-2103
770,완산구 근린공원7,방범용,공원,선너머공원,전북특별자치도 전주시 완산구 중화산동2가   547,35.80987562,127.1265809,단방향,Y,Y,N,2022,전북특별자치도 전주시 공원관리과,063-281-2103
771,완산구 근린공원8,방범용,공원,제33호공원,전북특별자치도 전주시 완산구 중화산동2가   746-3,35.82235799,127.1144481,단방향,Y,Y,N,2022,전북특별자치도 전주시 공원관리과,063-281-2103
772,완산구 근린공원9,방범용,공원,태평문화공원,전북특별자치도 전주시 완산구 태평동   293,35.82405946,127.1376788,단방향,Y,Y,N,2022,전북특별자치도 전주시 공원관리과,063-281-2103
773,완산구 근린공원10,방범용,공원,중산공원,전북특별자치도 전주시 완산구 중화산동2가 687,35.82481774,127.1215819,단방향,Y,Y,N,2022,전북특별자치도 전주시 공원관리과,063-281-2103
774,완산구 근린공원11,방범용,공원,서일공원,전북특별자치도 전주시 완산구 서신동   960-3,35.83741908,127.1160863,단방향,Y,Y,N,2022,전북특별자치도 전주시 공원관리과,063-281-2103
775,완산구 근린공원12,방범용,공원,서신길공원,전북특별자치도 전주시 완산구 서신동 795,35.83159158,127.1144504,단방향,Y,Y,N,2022,전북특별자치도 전주시 공원관리과,063-281-2103
776,완산구 근린공원13,방범용,공원,도내기샘공원,전북특별자치도 전주시 완산구 서신동   794,35.83172792,127.1168157,단방향,Y,N,N,2019,전북특별자치도 전주시 공원관리과,063-281-2103
777,완산구 근린공원14,방범용,공원,모롱지공원,전북특별자치도 전주시 완산구 효자동3가   1407-3,35.83650064,127.1033146,단방향,Y,Y,N,2022,전북특별자치도 전주시 공원관리과,063-281-2103
778,완산구 근린공원15,방범용,공원,서곡공원,전북특별자치도 전주시 완산구 효자동3가 1485,35.83371611,127.1041528,단방향,Y,N,N,2019,전북특별자치도 전주시 공원관리과,063-281-2103
779,완산구 근린공원16,방범용,공원,문학대1공원,전북특별자치도 전주시 완산구 효자동3가   1587,35.82918842,127.1051164,단방향,Y,Y,N,2022,전북특별자치도 전주시 공원관리과,063-281-2103
780,완산구 근린공원17,방범용,공원,문학대2공원,전북특별자치도 전주시 완산구 효자동3가   1523-1,35.8297097,127.1066936,단방향,Y,Y,N,2022,전북특별자치도 전주시 공원관리과,063-281-2103
781,공원운영부7,방범용,화장실,아중체련공원 관리사무실,전북특별자치도 전주시 덕진구 인후동1가 931-2,35.82550707,127.1660579,단방향,N,N,Y,2018,전북특별자치도 전주시 시설관리공단 공원운영부,063-239-2565
782,주차-1,방범용,화장실,중인동 모악산 공영주차장,전북특별자치도 전주시 완산구 중인동 1318-3,35.75808408,127.0866859,미연계,N,N,N,2011,전북특별자치도 전주시 시설관리공단 주차운영부,063-239-2615
783,주차-2,방범용,주차장,홍산광장 공영주차장,전북특별자치도 전주시 완산구 효자동3가 1538-9,35.81643779,127.1103087,미연계,N,N,N,2017,전북특별자치도 전주시 시설관리공단 주차운영부,063-239-2615
784,주차-3,방범용,주차장,비보이광장 공영주차장,전북특별자치도 전주시 완산구 효자동3가 1533-13,35.81644796,127.1076418,미연계,N,N,N,2017,전북특별자치도 전주시 시설관리공단 주차운영부,063-239-2615
785,주차-4,방범용,화장실,색장동 만남의 광장 공영주차장,전북특별자치도 전주시 완산구 색장동 583-3,35.78843975,127.1934117,미연계,N,N,N,2022,전북특별자치도 전주시 시설관리공단 주차운영부,063-239-2615
786,수유방1,약자보호,기타,전주역사 내 수유방,전북특별자치도 전주시 덕진구 우아동3가 235-11,35.84968891,127.1634706,미연계,N,N,Y,2020,전북특별자치도 전주시 전주역,063-249-7017
787,전주역 화장실1,약자보호,화장실,전주역 남자장애인 화장실,전북특별자치도 전주시 덕진구 우아동3가 235-11,35.84968891,127.1634706,양방향,N,N,Y,2019,전북특별자치도 전주시 전주역,063-249-7017
788,전주역 화장실2,약자보호,화장실,전주역 여자장애인 화장실,전북특별자치도 전주시 덕진구 우아동3가 235-11,35.84968891,127.1634706,양방향,N,N,Y,2019,전북특별자치도 전주시 전주역,063-249-7017
789,전주역 화장실3,약자보호,화장실,전주역 남자 화장실 입구,전북특별자치도 전주시 덕진구 우아동3가 235-11,35.84968891,127.1634706,양방향,N,N,Y,2019,전북특별자치도 전주시 전주역,063-249-7017
790,전주역 화장실4,약자보호,화장실,전주역 여자 화장실 입구,전북특별자치도 전주시 덕진구 우아동3가 235-11,35.84968891,127.1634706,양방향,N,N,Y,2019,전북특별자치도 전주시 전주역,063-249-7017
791,전주역 화장실5,약자보호,화장실,전주역 여자 화장실,전북특별자치도 전주시 덕진구 우아동3가 235-11,35.84968891,127.1634706,양방향,N,N,Y,2019,전북특별자치도 전주시 전주역,063-249-7017
792,전주역 화장실6,약자보호,화장실,전주역 여자 화장실,전북특별자치도 전주시 덕진구 우아동3가 235-11,35.84968891,127.1634706,양방향,N,N,Y,2019,전북특별자치도 전주시 전주역,063-249-7017
793,전주역 화장실7,약자보호,화장실,전주역 여자 화장실,전북특별자치도 전주시 덕진구 우아동3가 235-11,35.84968891,127.1634706,양방향,N,N,Y,2019,전북특별자치도 전주시 전주역,063-249-7017
794,전주역 화장실8,약자보호,화장실,전주역 여자 화장실,전북특별자치도 전주시 덕진구 우아동3가 235-11,35.84968891,127.1634706,양방향,N,N,Y,2019,전북특별자치도 전주시 전주역,063-249-7017
795,전주역 화장실9,약자보호,화장실,전주역 여자 화장실,전북특별자치도 전주시 덕진구 우아동3가 235-11,35.84968891,127.1634706,양방향,N,N,Y,2019,전북특별자치도 전주시 전주역,063-249-7017
796,전주역 화장실10,약자보호,화장실,전주역 여자 화장실,전북특별자치도 전주시 덕진구 우아동3가 235-11,35.84968891,127.1634706,양방향,N,N,Y,2019,전북특별자치도 전주시 전주역,063-249-7017
797,전주역 화장실11,약자보호,화장실,전주역 여자 화장실,전북특별자치도 전주시 덕진구 우아동3가 235-11,35.84968891,127.1634706,양방향,N,N,Y,2019,전북특별자치도 전주시 전주역,063-249-7017
798,전주역 화장실12,약자보호,화장실,전주역 여자 화장실,전북특별자치도 전주시 덕진구 우아동3가 235-11,35.84968891,127.1634706,양방향,N,N,Y,2019,전북특별자치도 전주시 전주역,063-249-7017
799,전주역 화장실13,약자보호,화장실,전주역 여자 화장실,전북특별자치도 전주시 덕진구 우아동3가 235-11,35.84968891,127.1634706,양방향,N,N,Y,2019,전북특별자치도 전주시 전주역,063-249-7017
800,전주역 화장실14,약자보호,화장실,전주역 여자 화장실,전북특별자치도 전주시 덕진구 우아동3가 235-11,35.84968891,127.1634706,양방향,N,N,Y,2019,전북특별자치도 전주시 전주역,063-249-7017
801,전주역 화장실15,약자보호,화장실,전주역 여자 화장실,전북특별자치도 전주시 덕진구 우아동3가 235-11,35.84968891,127.1634706,양방향,N,N,Y,2019,전북특별자치도 전주시 전주역,063-249-7017
802,전주역 화장실16,약자보호,화장실,전주역 여자 화장실,전북특별자치도 전주시 덕진구 우아동3가 235-11,35.84968891,127.1634706,양방향,N,N,Y,2019,전북특별자치도 전주시 전주역,063-249-7017
803,전주역 화장실17,약자보호,화장실,전주역 여자 화장실,전북특별자치도 전주시 덕진구 우아동3가 235-11,35.84968891,127.1634706,양방향,N,N,Y,2019,전북특별자치도 전주시 전주역,063-249-7017
804,전주역 화장실18,약자보호,화장실,전주역 여자 화장실,전북특별자치도 전주시 덕진구 우아동3가 235-11,35.84968891,127.1634706,양방향,N,N,Y,2019,전북특별자치도 전주시 전주역,063-249-7017
805,신치항 공중화장실,방범용,화장실,공중화장실 내부,전북특별자치도 군산시 신시도리 260,35.822192,126.475735,양방향,Y,N,N,2017,전북특별자치도 군산시청,063-454-5483
806,체육공원 공중화장실,방범용,화장실,공중화장실 내부,전북특별자치도 군산시 수송동 851,35.96564,126.72095,양방향,Y,N,N,2022,전북특별자치도 군산시청,063-454-5483
807,시립도서관 부근 공중화장실,방범용,화장실,공중화장실 내부,전북특별자치도 군산시 수송동 798-1,35.96595,126.7112,양방향,Y,N,N,2022,전북특별자치도 군산시청,063-454-5483
808,새들공원 공중화장실,방범용,화장실,공중화장실 내부,전북특별자치도 군산시 수송동 785,35.9635,126.70898,양방향,Y,N,N,2022,전북특별자치도 군산시청,063-454-5483
809,선유2구 보건소앞 공중화장실,방범용,화장실,공중화장실 내부,전북특별자치도 군산시 선유도리 279-8,35.81263,126.41285,양방향,Y,N,N,2023,전북특별자치도 군산시청,063-454-5483
810,인공암장(클라이밍센터) 공중화장실,방범용,화장실,공중화장실 내부,전북특별자치도 군산시 소룡동 1071-3,35.97968,126.68773,양방향,Y,N,N,2018,전북특별자치도 군산시청,063-454-5483
811,소룡 시민체육공원 공중화장실,방범용,화장실,공중화장실 내부,전북특별자치도 군산시 소룡동 237-1,35.98332,126.67601,양방향,Y,N,N,2023,전북특별자치도 군산시청,063-454-5483
812,동아아파트 공중화장실,방범용,화장실,공중화장실 내부,전북특별자치도 군산시 소룡동 1544,35.96965,126.68373,양방향,Y,N,N,2022,전북특별자치도 군산시청,063-454-5483
813,금강공원2 공중화장실,방범용,화장실,공중화장실 내부,전북특별자치도 군산시 성산면 성덕리 461-13,36.01089,126.75814,양방향,Y,N,N,2023,전북특별자치도 군산시청,063-454-5483
814,금강호 공중화장실,방범용,화장실,공중화장실 내부,전북특별자치도 군산시 성산면 성덕리 422-1,36.01316,126.75991,양방향,Y,N,N,2022,전북특별자치도 군산시청,063-454-5483
815,하구둑 공중화장실,방범용,화장실,공중화장실 내부,전북특별자치도 군산시 성산면 성덕리 437,36.01337,126.75804,양방향,Y,N,N,2022,전북특별자치도 군산시청,063-454-5483
816,금강습지공원 공중화장실,방범용,화장실,공중화장실 내부,전북특별자치도 군산시 성산면 성덕리 415-1,36.0218,126.76777,양방향,Y,N,N,2022,전북특별자치도 군산시청,063-454-5483
817,선유3구 공중화장실,방범용,화장실,공중화장실 내부,전북특별자치도 군산시 선유도리 망주봉 일원,35.8228619,126.4129441,양방향,Y,N,N,2023,전북특별자치도 군산시청,063-454-5483
818,"선유2구, 3번 공중화장실",방범용,화장실,공중화장실 내부,전북특별자치도 군산시 선유도 해수욕장 (공유수면),35.8146218,126.4105713,양방향,Y,N,N,2022,전북특별자치도 군산시청,063-454-5483
819,"선유2구, 1번 공중화장실",방범용,화장실,공중화장실 내부,전북특별자치도 군산시 선유2구 공유수면,35.8123259,126.4163481,양방향,Y,N,N,2023,전북특별자치도 군산시청,063-454-5483
820,"선유2구, 4번 공중화장실",방범용,화장실,공중화장실 내부,전북특별자치도 군산시 선유2구 공유수면,35.8160245,126.4112896,양방향,Y,N,N,2023,전북특별자치도 군산시청,063-454-5483
821,산북주공 뒤 공중화장실,방범용,화장실,공중화장실 내부,전북특별자치도 군산시 산북동 3543-2,35.9674748,126.6817901,양방향,Y,N,N,2023,전북특별자치도 군산시청,063-454-5483
822,유람선 선착장 옆 공중화장실,방범용,화장실,공중화장실 내부,전북특별자치도 군산시 비응도동 93,35.9357293,126.5266609,양방향,Y,N,N,2023,전북특별자치도 군산시청,063-454-5483
823,비응공원2 공중화장실,방범용,화장실,공중화장실 내부,전북특별자치도 군산시 비응도동 36-7,35.9438221,126.5383308,양방향,Y,N,N,2023,전북특별자치도 군산시청,063-454-5483
824,비응공원1 공중화장실,방범용,화장실,공중화장실 내부,전북특별자치도 군산시 비응도동 36-7,35.9438221,126.5383308,양방향,Y,N,N,2023,전북특별자치도 군산시청,063-454-5483
825,미원지구 공중화장실,방범용,화장실,공중화장실 내부,전북특별자치도 군산시 미원동 236-5,35.97943,126.71611,양방향,Y,N,N,2017,전북특별자치도 군산시청,063-454-5483
826,국토부교량전시관앞 공중화장실,방범용,화장실,공중화장실 내부,전북특별자치도 군산시 무녀도리 산 4-1,35.8086584,126.4383182,양방향,Y,N,N,2022,전북특별자치도 군산시청,063-454-5483
827,오토캠핑장 공중화장실,방범용,화장실,공중화장실 내부,전북특별자치도 군산시 무녀도리 223-4,35.8035998,126.4242309,양방향,Y,N,N,2023,전북특별자치도 군산시청,063-454-5483
828,대야시장 공중화장실,방범용,화장실,공중화장실 내부,전북특별자치도 군산시 대야면 산월리 401-3,35.94528,126.81726,양방향,Y,N,N,2018,전북특별자치도 군산시청,063-454-5483
829,연안도로변 공중화장실,방범용,화장실,공중화장실 내부,전북특별자치도 군산시 내흥동 903,35.9996303,126.7523349,양방향,Y,N,N,2022,전북특별자치도 군산시청,063-454-5483
830,주공4차아파트내 공중화장실,방범용,화장실,공중화장실 내부,전북특별자치도 군산시 나운동 45-5,35.9671958,126.7099662,양방향,Y,N,N,2023,전북특별자치도 군산시청,063-454-5483
831,주공5차아파트내 공중화장실,방범용,화장실,공중화장실 내부,전북특별자치도 군산시 나운동 45-3,35.96887,126.70849,양방향,Y,N,N,2018,전북특별자치도 군산시청,063-454-5483
832,신일아파트 공중화장실,방범용,화장실,공중화장실 내부,전북특별자치도 군산시 나운동 156,35.9595541,126.6963392,양방향,Y,N,N,2022,전북특별자치도 군산시청,063-454-5483
833,우성아파트 뒤 공중화장실,방범용,화장실,공중화장실 내부,전북특별자치도 군산시 나운동 155-8,35.9590958,126.7018705,양방향,Y,N,N,2022,전북특별자치도 군산시청,063-454-5483
834,은파 - 4호,방범용,화장실,공중화장실 내부,전북특별자치도 군산시 나운동 153-40,35.96205,126.69907,양방향,Y,N,N,2018,전북특별자치도 군산시청,063-454-5483
835,은파 - 3호,방범용,화장실,공중화장실 내부,전북특별자치도 군산시 나운동 1223-5,35.95545,126.68926,양방향,Y,N,N,2018,전북특별자치도 군산시청,063-454-5483
836,나운배수지 공중화장실,방범용,화장실,공중화장실 내부,전북특별자치도 군산시 나운동 1125,35.96723,126.69094,양방향,Y,N,N,2018,전북특별자치도 군산시청,063-454-5483
837,나운초교뒤 주차장 공중화장실,방범용,화장실,공중화장실 내부,전북특별자치도 군산시 나운동 1072-2,35.973258,126.6918253,양방향,Y,N,N,2022,전북특별자치도 군산시청,063-454-5483
838,해망굴 앞 공중화장실,방범용,화장실,공중화장실 내부,전북특별자치도 군산시 금동 12-22,35.9902893,126.7057127,양방향,Y,N,N,2022,전북특별자치도 군산시청,063-454-5483
839,동백대교20호광장 공중화장실,방범용,화장실,공중화장실 내부,전북특별자치도 군산시 금동 1-117,35.99415,126.70678,양방향,Y,N,N,2018,전북특별자치도 군산시청,063-454-5483
840,경장동경로당 공중화장실,방범용,화장실,공중화장실 내부,전북특별자치도 군산시 경장동 494-18,35.97263,126.73069,양방향,Y,N,N,2017,전북특별자치도 군산시청,063-454-5483
841,철길 옆 공중화장실,방범용,화장실,공중화장실 내부,전북특별자치도 군산시 경암동 528-7,35.9813408,126.7370198,양방향,Y,N,N,2023,전북특별자치도 군산시청,063-454-5483
842,청소년 문화공간 공중화장실,방범용,화장실,공중화장실 내부,전북특별자치도 군산시 개복동 1-3,35.9857162,126.7133641,양방향,Y,N,N,2023,전북특별자치도 군산시청,063-454-5483
843,선유3구 공중화장실,방범용,화장실,공중화장실 내부,전북특별자치도 군산시 옥도면 선유도리 474,35.8255086,126.4160174,양방향,Y,N,N,2023,전북특별자치도 군산시청,063-454-5483
844,신시도 마을 공중화장실,방범용,화장실,공중화장실 내부,전북특별자치도 군산시 옥도면 신시도리 248,35.8176487,126.4527151,양방향,Y,N,N,2023,전북특별자치도 군산시청,063-454-5483
845,몽돌해수욕장앞 공중화장실,방범용,화장실,공중화장실 내부,전북특별자치도 군산시 옥도면 신시도리 247-1,35.8230945,126.4613482,양방향,Y,N,N,2023,전북특별자치도 군산시청,063-454-5483
846,생말공원내 공중화장실,방범용,화장실,공중화장실 내부,전북특별자치도 군산시 오식도동 508,35.969953,126.5694107,양방향,Y,N,N,2023,전북특별자치도 군산시청,063-454-5483
847,대야천주교회 공중화장실,방범용,화장실,공중화장실 내부,전북특별자치도 군산시 대야면 산월리 377-1,35.9437981,126.8167008,양방향,Y,N,N,2023,전북특별자치도 군산시청,063-454-5483
848,무녀도전망대 공중화장실,방범용,화장실,공중화장실 내부,전북특별자치도 군산시 옥도면 무녀도리 산126-2,35.8042388,126.4367011,양방향,Y,N,N,2023,전북특별자치도 군산시청,063-454-5483
849,늘푸른도서관 뒤 제43공원 공중화장실,방범용,화장실,공중화장실 내부,전북특별자치도 군산시 나운동 153-10,35.9607226,126.698381,양방향,Y,N,N,2023,전북특별자치도 군산시청,063-454-5483
850,새만금관광안내소 공중화장실,방범용,화장실,공중화장실 내부,전북특별자치도 군산시 비응도동 121,35.9434894,126.534544,양방향,Y,N,N,2023,전북특별자치도 군산시청,063-454-5483
851,제12공원 공중화장실,방범용,화장실,공중화장실 내부,전북특별자치도 군산시 산북동 3585-4,35.9629361,126.6807943,양방향,Y,N,N,2023,전북특별자치도 군산시청,063-454-5483
852,동신교회옆 공중화장실,방범용,화장실,공중화장실 내부,전북특별자치도 군산시 월명동 21-16,35.9833238,126.7068621,양방향,Y,N,N,2023,전북특별자치도 군산시청,063-454-5483
853,해돋이공원 공중화장실,방범용,화장실,공중화장실 내부,전북특별자치도 군산시 송창동 3-170,35.9820064,126.7111547,양방향,Y,N,N,2023,전북특별자치도 군산시청,063-454-5483
854,3.1운동 기념관 공중화장실,방범용,화장실,공중화장실 내부,전북특별자치도 군산시 구암동 358-12,35.9860549,126.7418517,양방향,Y,N,N,2023,전북특별자치도 군산시청,063-454-5483
855,경포천변1 공중화장실,방범용,화장실,공중화장실 내부,전북특별자치도 군산시 수송동 17-36,35.9638546,126.7221714,양방향,Y,N,N,2023,전북특별자치도 군산시청,063-454-5483
856,말랭이마을 공중화장실,방범용,화장실,공중화장실 내부,전북특별자치도 군산시 절골2길 17-1,35.9867734,126.7057743,양방향,Y,N,N,2023,전북특별자치도 군산시청,063-454-5483
857,신흥동 공영주차장 공중화장실,방범용,화장실,공중화장실 내부,전북특별자치도 군산시 개복동 1-3,35.9866267,126.7045985,양방향,Y,N,N,2023,전북특별자치도 군산시청,063-454-5483
858,군봉배수지 축구장 공중화장실,방범용,화장실,공중화장실 내부,전북특별자치도 군산시 조촌동 산59-17,35.97525,126.74965,양방향,Y,N,N,2023,전북특별자치도 군산시청,063-454-5483
859,노바파크 옆 공중화장실,방범용,화장실,공중화장실 내부,전북특별자치도 군산시 조촌동 848-5,35.97071,126.73527,양방향,Y,N,N,2019,전북특별자치도 군산시청,063-454-5483
860,34호 근린공원 공중화장실,방범용,화장실,공중화장실 내부,전북특별자치도 군산시 조촌동 2-99,35.97893,126.74438,양방향,Y,N,N,2022,전북특별자치도 군산시청,063-454-5483
861,장자도주차장 공중화장실,방범용,화장실,공중화장실 내부,전북특별자치도 군산시 옥도면 장자도리 13-3,35.8117916,126.3978945,양방향,Y,N,N,2022,전북특별자치도 군산시청,063-454-5483
862,은적사체육시설 공중화장실,방범용,화장실,공중화장실 내부,전북특별자치도 군산시 소룡동 127-1,35.97342,126.68519,양방향,Y,N,N,2023,전북특별자치도 군산시청,063-454-5483
863,소룡체육공원3차 공중화장실,방범용,화장실,공중화장실 내부,전북특별자치도 군산시 소룡동 1675-1(소룡동체육공원3차),35.96974,126.6565,양방향,Y,N,N,2018,전북특별자치도 군산시청,063-454-5483
864,소룡체육공원2차 공중화장실,방범용,화장실,공중화장실 내부,전북특별자치도 군산시 소룡동 1675-1(소룡동체육공원2차),35.96974,126.6565,양방향,Y,N,N,2023,전북특별자치도 군산시청,063-454-5483
865,산북주공 뒤 공중화장실,방범용,화장실,공중화장실 내부,전북특별자치도 군산시 산북동 3543-3,35.96767,126.68175,양방향,Y,N,N,2023,전북특별자치도 군산시청,063-454-5483
866,산북시영아파트 뒤 공중화장실,방범용,화장실,공중화장실 내부,전북특별자치도 군산시 산북동 3532,35.96913,126.67724,양방향,Y,N,N,2019,전북특별자치도 군산시청,063-454-5483
867,오리알약수터 공중화장실,방범용,화장실,공중화장실 내부,전북특별자치도 군산시 구암동 48-10,35.97921,126.75801,양방향,Y,N,N,2014,전북특별자치도 군산시청,063-454-5483
868,경포천변2 공중화장실,방범용,화장실,공중화장실 내부,전북특별자치도 군산시 경장동 7-9,35.96977,126.72429,양방향,Y,N,N,2021,전북특별자치도 군산시청,063-454-5483
869,동부시장 공중화장실,방범용,화장실,공중화장실 내부,전북특별자치도 군산시 경암동 679-2,35.97547,126.72868,양방향,Y,N,N,2019,전북특별자치도 군산시청,063-454-5483
870,산림녹지과 10,방범용,화장실,달빛공원,전북특별자치도 정읍시 수성동 963-2,35.5778666,126.8525536,양방향,Y,N,N,2018,전북특별자치도 정읍시청,063-539-5772
871,산림녹지과 9,방범용,화장실,제일공원,전북특별자치도 정읍시 수성동 918-5,35.5829427,126.855563,양방향,Y,N,N,2018,전북특별자치도 정읍시청,063-539-5772
872,산림녹지과 8,방범용,화장실,수성공원,전북특별자치도 정읍시 수성동 918-3,35.5843733,126.8550441,양방향,Y,N,N,2018,전북특별자치도 정읍시청,063-539-5772
873,산람녹지과 7,방범용,화장실,쉼터공원,전북특별자치도 정읍시 수성동 1042-1,35.581409,126.8573178,양방향,Y,N,N,2018,전북특별자치도 정읍시청,063-539-5772
874,산람녹지과 6,방범용,화장실,녹색공원,전북특별자치도 정읍시 수성동 1031-1,35.5834117,126.8588898,양방향,Y,N,N,2018,전북특별자치도 정읍시청,063-539-5772
875,산람녹지과 5,방범용,화장실,마곡공원,전북특별자치도 정읍시 수성동 1018-4,35.5835997,126.8624995,양방향,Y,N,N,2018,전북특별자치도 정읍시청,063-539-5772
876,산람녹지과 4,방범용,화장실,멧골공원,전북특별자치도 정읍시 수성동 1003-1,35.5839693,126.8641495,양방향,Y,N,N,2018,전북특별자치도 정읍시청,063-539-5772
877,산람녹지과 3,방범용,화장실,행복공원,전북특별자치도 정읍시 수성동 993-5,35.5850232,126.8619807,양방향,Y,N,N,2018,전북특별자치도 정읍시청,063-539-5772
878,산람녹지과 2,방범용,화장실,무지개공원,전북특별자치도 정읍시 수성동 986-4,35.587017,126.8589629,양방향,Y,N,N,2018,전북특별자치도 정읍시청,063-539-5772
879,산림녹지과 1,방범용,화장실,두산공원,전북특별자치도 정읍시 수성동 947-3,35.5796537,126.8546554,양방향,Y,N,N,2018,전북특별자치도 정읍시청,063-539-5772
880,환경과 32,방범용,화장실,신태인시장(주차장),전북특별자치도 정읍시 신태인읍 신태인리 152-8,35.6859106,126.8872153,양방향,Y,N,N,2019,전북특별자치도 정읍시청,063-539-5732
881,환경과 31,방범용,화장실,연지시장(주차장),전북특별자치도 정읍시 연지동 30-25,35.5734629,126.8460319,양방향,Y,N,N,2019,전북특별자치도 정읍시청,063-539-5732
882,환경과 30,방범용,화장실,연지시장(고추동),전북특별자치도 정읍시 연지동 31-1(녹색전기 인근),35.5731681,126.8472497,양방향,Y,N,N,2019,전북특별자치도 정읍시청,063-539-5732
883,환경과 29,방범용,화장실,연지시장 (호남한우관 옆),전북특별자치도 정읍시 연지동 44-108,35.5727469,126.8465607,양방향,Y,N,N,2019,전북특별자치도 정읍시청,063-539-5732
884,환경과 28,방범용,화장실,태인시장,전북특별자치도 정읍시 태인면 태창리 201-3,35.6509669,126.9392477,양방향,Y,N,N,2019,전북특별자치도 정읍시청,063-539-5732
885,환경과 27,방범용,화장실,농산물도매시장,전북특별자치도 정읍시 농소동 45-15,35.5876016,126.845719,양방향,Y,N,N,2019,전북특별자치도 정읍시청,063-539-5732
886,환경과 26,방범용,화장실,천변자전거도로,전북특별자치도 정읍시 송산동 708-110,35.5481365,126.8776719,양방향,Y,N,N,2019,전북특별자치도 정읍시청,063-539-5732
887,환경과 25,방범용,화장실,정읍역,전북특별자치도 정읍시 연지동 343-380,35.576441,126.8435952,양방향,Y,N,N,2019,전북특별자치도 정읍시청,063-539-5732
888,환경과 24,방범용,화장실,신태인역,전북특별자치도 정읍시 신태인읍 신태인리 132-180,35.687222,126.8847776,양방향,Y,N,N,2019,전북특별자치도 정읍시청,063-539-5732
889,환경과 23,방범용,화장실,정읍공용버스터미널,전북특별자치도 정읍시 연지동 313-2,35.5729702,126.8454102,양방향,Y,N,N,2019,전북특별자치도 정읍시청,063-539-5732
890,환경과 22,방범용,화장실,정읍터미널(주차장),전북특별자치도 정읍시 연지동 312-13,35.5723313,126.8455186,양방향,Y,N,N,2019,전북특별자치도 정읍시청,063-539-5732
891,환경과 21,방범용,화장실,신태인 터미널,전북특별자치도 정읍시 신태인읍 신태인리 300-1,35.6902046,126.8876197,양방향,Y,N,N,2019,전북특별자치도 정읍시청,063-539-5732
892,환경과 20,방범용,화장실,태인 터미널,전북특별자치도 정읍시 태인면 태창리 105-2대,35.6511724,126.9410891,양방향,Y,N,N,2019,전북특별자치도 정읍시청,063-539-5732
893,환경과 19,방범용,화장실,칠보 간이 정류소,전북특별자치도 정읍시 칠보면 시산리 607-1,35.6034006,126.9924855,양방향,Y,N,N,2019,전북특별자치도 정읍시청,063-539-5732
894,환경과 18,방범용,화장실,수성공영주차장,전북특별자치도 정읍시 수성동 524-20,35.5698673,126.850827,양방향,Y,N,N,2019,전북특별자치도 정읍시청,063-539-5732
895,환경과 17,방범용,화장실,산외공영주차장,전북특별자치도 정읍시 산외면 평사리 438-4,35.6211553,127.0432408,양방향,Y,N,N,2019,전북특별자치도 정읍시청,063-539-5732
896,환경과 16,방범용,화장실,시기공영주차장,전북특별자치도 정읍시 시기동 364,35.5656885,126.8559278,양방향,Y,N,N,2019,전북특별자치도 정읍시청,063-539-5732
897,환경과 15,방범용,화장실,내장 신선교,전북특별자치도 정읍시 내장동 52-13,35.4925717,126.9275544,양방향,Y,N,N,2019,전북특별자치도 정읍시청,063-539-5732
898,환경과 14,방범용,화장실,구철초 테마공원 제1주차장,전북특별자치도 정읍시 산내면 매죽리 571,35.5508002,127.0178485,양방향,Y,N,N,2019,전북특별자치도 정읍시청,063-539-5732
899,환경과 13,방범용,화장실,구철초 테마공원 구절폭포옆,전북특별자치도 정읍시 산내면 매죽리 571,35.5508002,127.0178485,양방향,Y,N,N,2019,전북특별자치도 정읍시청,06-353-5732
900,환경과 12,방범용,화장실,구절초 테마공원내1(중앙광장),전북특별자치도 정읍시 산내면 매죽리 597,35.553741,127.0192576,양방향,Y,N,N,2019,전북특별자치도 정읍시청,063-539-5732
901,환경과 11,방범용,화장실,구절초 테마공원내2(중앙광장),전북특별자치도 정읍시 산내면 매죽리 598-2,35.5537306,127.0190813,양방향,Y,N,N,2019,전북특별자치도 정읍시청,063-539-5732
902,환경과 10,방범용,화장실,구절초 테마공원 제2주차장,전북특별자치도 정읍시 산내면 능교리 247-9,35.5575362,127.026006,양방향,Y,N,N,2019,전북특별자치도 정읍시청,063-539-5732
903,환경과 9,방범용,화장실,국민체육센터 론볼장 앞,전북특별자치도 정읍시 상평동 276-3,35.5615126,126.8377096,양방향,Y,N,N,2019,전북특별자치도 정읍시청,063-539-5732
904,환경과 8,방범용,화장실,국민체육센터 게이트볼장 앞,전북특별자치도 정읍시 상평동 262-1,35.5599674,126.8382392,양방향,Y,N,N,2019,전북특별자치도 정읍시청,063-539-5732
905,환경과 7,방범용,화장실,공설운동장(4개소),전북특별자치도 정읍시 상평동 274,35.5610734,126.8360944,양방향,Y,N,N,2019,전북특별자치도 정읍시청,063-539-5732
906,환경과 6,방범용,화장실,정읍실내체육관,전북특별자치도 정읍시 연지동 252-33,35.5695605,126.8441794,양방향,Y,N,N,2019,전북특별자치도 정읍시청,063-539-5732
