Name,m_category,s_category,도로명주소,위도,경도
가인김병로생가터,역사관광지,생가,전북특별자치도 순창군 복흥면 하리길 160,35.4505846,126.9772329
강암서예관,문화시설,전시관,전북특별자치도 전주시 완산구 전주천동로 74 강암서예관,35.8112834,127.1524786
강증산탄생지,역사관광지,생가,전북특별자치도 정읍시 덕천면 신송길 64,35.6307686,126.8411794
강천산휴양농원,체험관광지,관광농원,전북특별자치도 순창군 구림면 강천로 854-23,35.4277692,127.0625572
개암사,역사관광지,사찰,전북특별자치도 부안군 상서면 개암로 248(상서면),35.66286,126.6498117
격포해변,자연관광지,해수욕장,전북특별자치도 부안군 변산면 격포리,35.628845,126.473784
견두산,자연관광지,산,전북특별자치도 남원시 수지면 고평리,35.3483,127.4002
경각산,자연관광지,산,전북특별자치도 임실군 신덕면 조월리,35.7222,127.1685
경기전,역사관광지,유적지/사적지,전북특별자치도 전주시 완산구 태조로 44,35.8162368,127.1493531
경천저수지,자연관광지,호수,전북특별자치도 완주군 화산면 성북리,36.0381,127.2395
계화도,자연관광지,어촌,전북특별자치도 부안군 계화면,35.761717,126.698025
고림사,역사관광지,사찰,전북특별자치도 진안군 진안읍 상역로 174-96(진안읍),35.8072046,127.4042182
고부구읍성,역사관광지,성,전북특별자치도 정읍시 고부면 고부리 160-1,35.6213924,126.7722504
고부향교,역사관광지,유적지/사적지,전북특별자치도 정읍시 고부면 고부리,35.6182,126.7701
고사포해수욕장,자연관광지,해수욕장,전북특별자치도 부안군 변산면 운산리,35.6474,126.5298
고산자연휴양림,자연관광지,자연휴양림,전북특별자치도 완주군 고산면 고산휴양림로 246(고산면),35.9622356,127.2329044
고산향교,역사관광지,유적지/사적지,전북특별자치도 완주군 고산면 고산로 147-23,35.9760158,127.2141641
고원화목원,자연관광지,수목원,전북특별자치도 진안군 백운면 덕현리 678-3,35.683167,127.3777291
고창갯벌(전북서해안권국가지질공원),자연관광지,자연생태관광지,전북특별자치도 고창군 심원면 두어리,35.524433,126.537313
고창고인돌박물관,문화시설,박물관,전북특별자치도 고창군 고창읍 고인돌공원길 74 고인돌박물관,35.4416263,126.65235
고창고인돌유적(유네스코세계문화유산),역사관광지,유적지/사적지,전북특별자치도 고창군 고창읍 고인돌공원길 74(고창읍),35.4416263,126.65235
고창동호해수욕장,자연관광지,해수욕장,전북특별자치도 고창군 해리면 동호리,35.5107,126.4875
고창무장동학농민혁명기포지,역사관광지,유적지/사적지,전북특별자치도 고창군 공음면 구암리 594,35.4043956,126.4957812
고창무장현관아와읍성,역사관광지,성,전북특별자치도 고창군 무장면 성내리 149-1,35.4189474,126.5552622
고창분청사기요지,역사관광지,유적지/사적지,전북특별자치도 고창군 부안면 수동리,35.5349,126.6624
고창운곡람사르습지,자연관광지,자연생태관광지,전북특별자치도 고창군 아산면 운곡서원길 362,35.4693027,126.6540462
고창읍성,역사관광지,성,전북특별자치도 고창군 고창읍 모양성로 1,35.4316118,126.7042083
고창청농원,체험관광지,관광농원,전북특별자치도 고창군 공음면 청천길 41-27,35.3736035,126.5350615
고창판소리박물관,문화시설,박물관,전북특별자치도 고창군 고창읍 동리로 100 판소리박물관,35.4324321,126.7027174
고창향교,역사관광지,유적지/사적지,전북특별자치도 고창군 고창읍 교촌리,35.4382,126.7044
곰소염전,자연관광지,자연생태관광지,전북특별자치도 부안군 진서면 염전길 18 곰소염전,35.5950187,126.6160557
관음봉,자연관광지,산,전북특별자치도 부안군 진서면 원암길,,
관음사(무주),역사관광지,사찰,전북특별자치도 무주군 설천면 양지길 92-38,36.0001893,127.7854182
관응사(김제),역사관광지,사찰,전북특별자치도 김제시 금구면 오봉리 11,35.7808358,127.0686758
광한루원,역사관광지,유적지/사적지,전북특별자치도 남원시 요천로 1447(천거동),35.4032843,127.3795144
교룡산국민관광지,휴양관광지,관광단지,전북특별자치도 남원시 산성순환길 714(산곡동),35.4279894,127.3643027
구봉산(진안),자연관광지,산,전북특별자치도 진안군 주천면 운봉리 산185,35.9299274,127.414059
구서도역,역사관광지,유적지/사적지,전북특별자치도 남원시 사매면 서도길 32,35.4898172,127.3306106
구송정유원지,휴양관광지,유원지,전북특별자치도 순창군 동계면 서호길 48-12,35.4309165,127.2372815
구시포해수욕장,자연관광지,해수욕장,전북특별자치도 고창군 상하면 자룡리,35.43831,126.447113
구암사(순창),역사관광지,사찰,전북특별자치도 순창군 복흥면 봉덕길 131-144,35.4553281,126.8859442
구암정,역사관광지,유적지/사적지,전북특별자치도 순창군 동계면 구미리,35.4458,127.2148
구파백정기의사기념관,문화시설,기념관,전북특별자치도 정읍시 영원면 영원로 1049,35.6522027,126.7832508
국립덕유산자연휴양림,자연관광지,자연휴양림,전북특별자치도 무주군 무풍면 구천동로 530-62,35.9081005,127.8147826
국립민속국악원,문화시설,공연장,전북특별자치도 남원시 양림길 54,35.4016337,127.3915576
국립신시도자연휴양림,자연관광지,자연휴양림,전북특별자치도 군산시 옥도면 신시도길 271,35.828139,126.4467647
국립운장산자연휴양림,자연관광지,자연휴양림,전북특별자치도 진안군 정천면 휴양림길 77,35.8992389,127.4211148
국립익산박물관,문화시설,박물관,전북특별자치도 익산시 금마면 미륵사지로 362,36.011589,127.0286611
국립전주박물관,문화시설,박물관,전북특별자치도 전주시 완산구 쑥고개로 249 국립전주박물관,35.8013325,127.089717
국립청소년농생명센터,문화시설,문화전수시설,전북특별자치도 김제시 부량면 벽골제로 421 국립청소년농생명센터,35.7535349,126.8510582
국립태권도원,문화시설,문화전수시설,전북특별자치도 무주군 설천면 무설로 1482,36.0093097,127.778658
국립회문산자연휴양림,자연관광지,자연휴양림,전북특별자치도 순창군 구림면 안심길 249,35.4989393,127.1180793
국민여가캠핑장(정읍),육상 레포츠,"야영장,오토캠핑장",전북특별자치도 정읍시 내장산로 410,35.5241483,126.8956328
군산3.1운동100주년기념관,문화시설,기념관,전북특별자치도 군산시 영명길 29,35.9869379,126.7422593
군산근대역사박물관,문화시설,박물관,전북특별자치도 군산시 해망로 240 군산근대역사박물관(장미동),35.9908218,126.7120518
군산신흥동일본식가옥(히로쓰가옥),역사관광지,유적지/사적지,전북특별자치도 군산시 구영1길 17,35.9861516,126.7060423
군산임피역사,역사관광지,유적지/사적지,전북특별자치도 군산시 임피면 서원석곡로 2-5,35.9533469,126.8675452
군산해망굴,건축/조형물,터널,전북특별자치도 군산시 군산창2길 48(해망동),35.991273,126.7048675
궁항,자연관광지,항구/포구,전북특별자치도 부안군 변산면 격포리,35.628845,126.473784
권번문화예술원예가인,체험관광지,전통체험,전북특별자치도 정읍시 산외면 공동길 58,35.6165572,127.0201625
귀래정(순창),역사관광지,유적지/사적지,전북특별자치도 순창군 순창읍 가남리,35.36103,127.139876
귀신사(김제),역사관광지,사찰,전북특별자치도 김제시 금산면 청도6길 40,35.7455207,127.0470552
귀정사(남원),역사관광지,사찰,전북특별자치도 남원시 산동면 대상2길 246,35.512342,127.4554607
그림책미술관,문화시설,미술관/화랑,전북특별자치도 완주군 삼례읍 삼례역로 48-1,35.9082155,127.0679003
금강하구둑(군산),자연관광지,자연생태관광지,전북특별자치도 군산시 성산면 철새로 120,36.0198837,126.7653062
금구원야외조각미술관,휴양관광지,테마공원,전북특별자치도 부안군 변산면 도청리 861-20,35.6206518,126.4889428
금당사(진안),역사관광지,사찰,전북특별자치도 진안군 마령면 마이산남로 217 금당사,35.7578647,127.3976094
금마저수지,자연관광지,호수,전북특별자치도 익산시 금마면 동고도리,35.9907,127.0609
금산사(김제),역사관광지,사찰,전북특별자치도 김제시 금산면 모악15길 1,35.7231867,127.0533852
기지제,자연관광지,호수,전북특별자치도 전주시 덕진구 만성동,35.838574,127.078325
김제동헌,역사관광지,유적지/사적지,전북특별자치도 김제시 동헌4길 46-1,35.8006621,126.8824089
김제벽골제,역사관광지,유적지/사적지,전북특별자치도 김제시 부량면 신용리,35.74906,126.860806
김제성산공원,휴양관광지,공원,전북특별자치도 김제시 향교길 89-22,35.8010648,126.8793478
김제향교,역사관광지,유적지/사적지,전북특별자치도 김제시 향교길 89-3,35.8004019,126.879378
꽃객프로젝트,체험관광지,관광농원,전북특별자치도 고창군 부안면 복분자로 307 꽃객프로젝트,35.5026952,126.6264274
나들목가족공원,휴양관광지,공원,전북특별자치도 전주시 덕진구 용정동 469-15,35.876279,127.0555318
낙덕정,역사관광지,유적지/사적지,전북특별자치도 순창군 복흥면 상송리,35.4492,126.961
남고사(전주),역사관광지,사찰,전북특별자치도 전주시 완산구 남고산성1길 53-88,35.7999542,127.1587301
남고서원,역사관광지,유적지/사적지,전북특별자치도 정읍시 북면 보림1길 392,35.5727419,126.9200339
남산사(정읍),역사관광지,사찰,전북특별자치도 정읍시 북면 정신로 183-64,35.6084662,126.8623177
남산서원(김제),역사관광지,유적지/사적지,전북특별자치도 김제시 성덕면 만경로 600-92,35.8403691,126.8244512
남원관광단지,휴양관광지,관광단지,전북특별자치도 남원시 양림길 43(어현동),35.4022211,127.3901488
남원교룡산성,역사관광지,유적지/사적지,전북특별자치도 남원시 산곡동,35.4257,127.3647
남원다움관,문화시설,전시관,전북특별자치도 남원시 검멀1길 14,35.4037133,127.3770078
남원만복사지,역사관광지,종교성지,전북특별자치도 남원시 만복사길 10-3(왕정동),35.4074793,127.3681154
남원만인의총,역사관광지,유적지/사적지,전북특별자치도 남원시 만인로 3(향교동),35.4208081,127.3772532
남원미륵암,역사관광지,사찰,전북특별자치도 남원시 시묘길 24-35(노암동),35.3891059,127.3718283
남원백두대간전시관,문화시설,전시관,전북특별자치도 남원시 운봉읍 운봉로 151,35.3973284,127.5079303
남원사(익산),역사관광지,사찰,전북특별자치도 익산시 여산면 서촌1길 34-5,36.0558217,127.0826716
남원성,역사관광지,성,전북특별자치도 남원시 동충동,35.41104,127.38295
남원시립김병종미술관,문화시설,미술관/화랑,전북특별자치도 남원시 함파우길 65-14(어현동),35.3987277,127.389566
남원아담원,자연관광지,수목원,전북특별자치도 남원시 이백면 목가길 193,35.4405713,127.4768257
남원자연휴양림,자연관광지,자연휴양림,전북특별자치도 남원시 보산로 228(갈치동),35.46106,127.41695
남원추어탕거리,체험관광지,이색거리,전북특별자치도 남원시 천거동,35.402,127.3785
남원항공우주천문대,자연관광지,자연생태관광지,전북특별자치도 남원시 양림길 48-63 남원항공우주천문대,35.399194,127.3873883
남원향교,역사관광지,유적지/사적지,전북특별자치도 남원시 향교길 43(향교동),35.4218292,127.3833693
남원향토박물관,문화시설,박물관,전북특별자치도 남원시 양림길 14-9 남원향토박물관,35.4017971,127.3870909
남천교청연루,역사관광지,유적지/사적지,전북특별자치도 전주시 완산구 동서학동 940-2,35.8107643,127.1544474
내도리강변유원지,휴양관광지,유원지,전북특별자치도 무주군 무주읍 내도리 2215,36.0262494,127.6502271
내변산,자연관광지,산,전북특별자치도 부안군 변산면,35.663532,126.528463
내장사(정읍),역사관광지,사찰,전북특별자치도 정읍시 내장산로 1253,35.4894611,126.901622
내장산단풍생태공원,휴양관광지,공원,전북특별자치도 정읍시 내장동 364-2,35.510242,126.9072435
내장산수목원,자연관광지,수목원,전북특별자치도 정읍시 쌍암동 405-6,35.5102156,126.8988286
내장산워터파크,레포츠소개,수상레포츠,전북특별자치도 정읍시 쌍암동 1064,35.5206795,126.8975545
내장산조각공원,휴양관광지,테마공원,전북특별자치도 정읍시 쌍암동 산225-1,35.5079775,126.8993192
내장산케이블카,자연관광지,산,전북특별자치도 정읍시 내장산로 1179-11,35.4867086,126.9086242
논개사당(의암사),역사관광지,유적지/사적지,전북특별자치도 장수군 장수읍 논개사당길 41,35.6437685,127.5228498
논개생가,역사관광지,생가,전북특별자치도 장수군 장계면 의암로 558,35.6792139,127.6212173
다가공원,휴양관광지,공원,전북특별자치도 전주시 완산구 중화산동1가 150-3,35.8150168,127.1383852
다천사(정읍),역사관광지,사찰,전북특별자치도 정읍시 태인면 태흥1길 59 항가산 다천사,35.6522373,126.9529343
달빛소리수목원,자연관광지,수목원,전북특별자치도 익산시 춘포면 천서길 150 달빛소리수목원,35.9395313,127.0331264
대둔산케이블카,자연관광지,산,전북특별자치도 완주군 운주면 대둔산공원길 55,36.1166478,127.3294808
대모암(순창),역사관광지,사찰,전북특별자치도 순창군 순창읍 장류로 197-22,35.3728761,127.1238301
대복사(남원),역사관광지,사찰,전북특별자치도 남원시 대복사길 61,35.4166885,127.3691804
대아수목원,자연관광지,수목원,전북특별자치도 완주군 동상면 대아수목로 94-34,35.9736301,127.3047405
대아저수지(대아호),자연관광지,호수,전북특별자치도 완주군 동상면 대아리,35.9822,127.3055
덕음암(남원),역사관광지,사찰,전북특별자치도 남원시 소리길 122-24 덕음암,35.4058178,127.391439
덕진공원,휴양관광지,공원,전북특별자치도 전주시 덕진구 권삼득로 390(덕진동1가),35.8474952,127.1210319
데미샘자연휴양림,자연관광지,자연휴양림,전북특별자치도 진안군 백운면 데미샘1길 172,35.656955,127.4611136
도계서원(정읍),역사관광지,유적지/사적지,전북특별자치도 정읍시 덕천면 도계1길 34-13(덕천면),35.6382741,126.8123961
도산서당,역사관광지,유적지/사적지,전북특별자치도 고창군 고창읍 도산1길 4,35.439732,126.6608479
도솔암(고창),역사관광지,사찰,전북특별자치도 고창군 아산면 도솔길 294 도솔암,35.4808255,126.5642416
동고사(전주),역사관광지,사찰,전북특별자치도 전주시 완산구 낙수정2길 103-100,35.8095492,127.1677059
동고산성,역사관광지,성,전북특별자치도 전주시 완산구 대성동 산25,35.8107192,127.1724363
동국사(군산),역사관광지,사찰,전북특별자치도 군산시 동국사길 16 동국사,35.9824968,126.7075237
동죽서원,역사관광지,유적지/사적지,전북특별자치도 정읍시 덕천면 학전길 32-57,35.613583,126.8184382
동학농민혁명기념관(정읍),문화시설,기념관,전북특별자치도 정읍시 덕천면 동학로 715,35.6313401,126.8273197
동학혁명기념관,문화시설,기념관,전북특별자치도 전주시 완산구 은행로 34 동학혁명기념관,35.816887,127.1520057
두동교회구본당,역사관광지,종교성지,전북특별자치도 익산시 성당면 두동길 17-1,36.1036673,126.9204606
두동편백나무숲,자연관광지,자연생태관광지,전북특별자치도 익산시 성당면 두동길 15,36.1037451,126.9213914
둔산공원,휴양관광지,공원,전북특별자치도 완주군 봉동읍 둔산3로 94,35.9609137,127.1284041
뜬봉샘생태관광지,자연관광지,자연생태관광지,전북특별자치도 장수군 장수읍 물뿌랭이길 10-18,35.5921448,127.5013257
라제통문,관광자원,기암괴석,전북특별자치도 무주군 설천면 소천리 산85,35.9950936,127.798248
마이산화엄굴,역사관광지,사찰,전북특별자치도 진안군 마령면 마이산남로 367,35.7584896,127.4112542
만경향교,역사관광지,유적지/사적지,전북특별자치도 김제시 만경읍 만경리,35.8523,126.8191
만일사(순창),역사관광지,사찰,전북특별자치도 순창군 구림면 안심길 103-134 만일사,35.4858494,127.1175851
말순농장,체험관광지,농.산.어촌 체험,전북특별자치도 완주군 비봉면 소농리 485,35.9943165,127.1416305
망모당,역사관광지,유적지/사적지,전북특별자치도 익산시 왕궁면 광암리,35.9775,127.0946
망해사,역사관광지,사찰,전북특별자치도 김제시 진봉면 심포10길 94,35.8594144,126.7155148
매월당,체험관광지,이색체험,전북특별자치도 남원시 금지면 매촌길 47-34,35.3489071,127.2729008
매창공원,휴양관광지,공원,전북특별자치도 부안군 부안읍 매창로 89 부안문화원,35.7188212,126.7286947
모항갯벌체험장,체험관광지,이색체험,전북특별자치도 부안군 변산면 모항길 107 모항갯벌테마파크,35.587257,126.5138475
모항해수욕장,자연관광지,해수욕장,전북특별자치도 부안군 변산면 모항길 22,35.5828195,126.5077314
몽돌해수욕장/몽돌해변,자연관광지,해수욕장,전북특별자치도 군산시 옥도면 선유도1길 238-7,35.8284452,126.4022778
무녀도‧선유도,자연관광지,섬,전북특별자치도 군산시 옥도면,35.814606,126.466904
무성서원(유네스코세계문화유산),역사관광지,유적지/사적지,전북특별자치도 정읍시 칠보면 원촌1길 44-12(칠보면),35.6016374,126.9839393
무장향교,역사관광지,유적지/사적지,전북특별자치도 고창군 무장면 교흥리,35.432,126.5669
무주구천동관광특구,휴양관광지,관광단지,전북특별자치도 무주군 설천면 구천동1로 166,35.9007496,127.7760128
무주덕유산리조트,복합 레포츠,복합 레포츠,전북특별자치도 무주군 설천면 만선로 185,35.8909659,127.736541
무주머루와인동굴,체험관광지,이색체험,전북특별자치도 무주군 적상면 산성로 359 머루와인비밀의문,35.9649289,127.6975173
무주반디랜드,휴양관광지,관광단지,전북특별자치도 무주군 설천면 무설로 1324,36.0131923,127.7587423
무주안국사,역사관광지,사찰,전북특별자치도 무주군 적상면 산성로 1050(적상면),35.9452013,127.6921375
무주양수홍보관,문화시설,전시관,전북특별자치도 무주군 적상면 괴목로 788,35.966899,127.7124625
무주원통사,역사관광지,사찰,전북특별자치도 무주군 안성면 원통사로 676(안성면),35.819335,127.6989428
무주적상산성,역사관광지,성,전북특별자치도 무주군 적상면 사천리 산 119-1,35.9531735,127.6458202
무주트리스쿨,체험관광지,전통체험,전북특별자치도 무주군 무주읍 무주로 1788-9,35.9788537,127.650789
무주한풍루,역사관광지,유적지/사적지,전북특별자치도 무주군 무주읍 한풍루로 326-5,36.0040081,127.6623425
무주향로산자연휴양림,자연관광지,자연휴양림,전북특별자치도 무주군 무주읍 무학로 153-36,36.0237615,127.6699003
문수사(고창),역사관광지,사찰,전북특별자치도 고창군 고수면 은사리 산190-1,35.3769318,126.7234714
문수사(김제),역사관광지,사찰,전북특별자치도 김제시 황산5길 158,35.780658,126.932149
미당서정주시문학관,문화시설,전시관,전북특별자치도 고창군 부안면 질마재로 2-8 미당시문학관,35.5355899,126.6099252
미륵산(익산),자연관광지,산,전북특별자치도 익산시 금마면 신용리 산124-1,36.0259021,127.0428725
바래봉,자연관광지,산,전북특별자치도 남원시 운봉읍 바래봉길 196,35.4330845,127.5482859
발효소스토굴,자연관광지,동굴,전북특별자치도 순창군 순창읍 민속마을길 61-59,35.3670609,127.1020525
방화동자연휴양림,자연관광지,자연휴양림,전북특별자치도 장수군 번암면 방화동로 778,35.5906759,127.5268695
백련사(무주),역사관광지,사찰,전북특별자치도 무주군 설천면 백련사길 580,35.860884,127.7659238
백산서원(김제),역사관광지,유적지/사적지,전북특별자치도 김제시 백산면 하서3길 84(백산면),35.82545,126.8719029
백운관광농원,체험관광지,관광농원,전북특별자치도 진안군 백운면 백운동로 426-5,35.6817041,127.4357607
백운사(익산),역사관광지,사찰,전북특별자치도 익산시 여산면 천호산길 155-23,36.043389,127.1224091
백제왕궁박물관,문화시설,박물관,전북특별자치도 익산시 왕궁면 궁성로 666 백제왕궁박물관,35.9715598,127.0558096
벽골제농경사주제관,문화시설,전시관,전북특별자치도 김제시 부량면 벽골제로 442,35.7553583,126.8535125
벽련암(정읍),역사관광지,사찰,전북특별자치도 정읍시 내장산로 1220-74 배련암,35.4931491,126.9044944
변산자연휴양림,자연관광지,자연휴양림,전북특별자치도 부안군 변산면 변산로 3768,35.5827922,126.5238392
병바위(전북서해안권국가지질공원),관광자원,기암괴석,전북특별자치도 고창군 아산면 반암리,35.493476,126.61179
보리나라학원농장,체험관광지,관광농원,전북특별자치도 고창군 공음면 학원농장길 154,35.3753677,126.5429137
보림사(정읍),역사관광지,사찰,전북특별자치도 정읍시 북면 보림1길 497,35.5657725,126.9200248
보천사(군산),역사관광지,사찰,전북특별자치도 군산시 서수면 내무장길 249,36.012212,126.8537018
보흥사,역사관광지,사찰,전북특별자치도 진안군 마령면 원강정1길 16-133,35.7468767,127.3754077
본다빈치뮤지엄군산,문화시설,전시관,"전북특별자치도 군산시 은파순환길 20 , 지하1층 본다빈치뮤지엄 군산",35.9540631,126.6897999
봉서사(완주),역사관광지,사찰,전북특별자치도 완주군 용진읍 봉서안길 313 봉서사,35.908747,127.2191375
봉양서원,역사관광지,유적지/사적지,전북특별자치도 완주군 비봉면 장승길 28-11,36.0099116,127.1339742
봉황사(김제),역사관광지,사찰,전북특별자치도 김제시 금구면 오봉2길 474,35.775064,127.0714653
부귀편백숲삼림욕장,자연관광지,자연휴양림,전북특별자치도 진안군 부귀면 거석리 산89,35.850045,127.3577287
부안내소사,역사관광지,사찰,전북특별자치도 부안군 진서면 내소사로 243,35.6178116,126.5875643
부안누에타운,문화시설,전시관,전북특별자치도 부안군 변산면 참뽕로 434-20,35.6319292,126.5130021
부안댐물문화관,문화시설,기념관,전북특별자치도 부안군 변산면 부안댐로 290 물전시관,35.6737401,126.5629442
부안청자박물관,문화시설,박물관,전북특별자치도 부안군 보안면 청자로 1493,35.6116219,126.6514201
부안향교,역사관광지,유적지/사적지,전북특별자치도 부안군 부안읍 향교길 25 부안향교대전광역시,35.7318293,126.7280199
부용사,역사관광지,사찰,전북특별자치도 김제시 백구면 황토로 1074-30(백구면),35.8787812,126.9561268
북고사(무주),역사관광지,사찰,전북특별자치도 무주군 무주읍 읍내리 521,36.0170506,127.659326
분양서원,역사관광지,유적지/사적지,전북특별자치도 무주군 무풍면 지성길 119,35.9547596,127.8576565
분옥담과선녀탕,자연관광지,계곡,전북특별자치도 부안군 변산면 실상길 52,35.6418638,126.5797443
불명산,자연관광지,산,전북특별자치도 완주군 경천면 가천리,36.0467,127.2921
불주사(불지사),역사관광지,사찰,전북특별자치도 군산시 나포면 군둔길 226(나포면),36.0249836,126.8469586
비안도,자연관광지,섬,전북특별자치도 군산시 옥도면 비안도길 79-1,35.7367439,126.4579206
사동서원,역사관광지,유적지/사적지,전북특별자치도 장수군 산서면 사창길 35,35.5651134,127.3786252
사선대관광지&조각공원,휴양관광지,관광단지,전북특별자치도 임실군 관촌면 사선2길 68-7,35.6723713,127.2746384
사자사(사자암),역사관광지,사찰,전북특별자치도 익산시 금마면 구룡길 57-125,36.0221212,127.0384799
산속등대복합문화공간,체험관광지,이색체험,전북특별자치도 완주군 소양면 원암로 82,35.8693065,127.2519995
산약초타운,휴양관광지,테마공원,전북특별자치도 진안군 진안읍 단양리 827,35.7762075,127.4166135
삼불암,역사관광지,사찰,전북특별자치도 김제시 죽산면 서포4길 443(죽산면),35.7720409,126.7891835
삼세오충렬사,역사관광지,유적지/사적지,전북특별자치도 익산시 용안면 현내로 468,36.1200147,126.960241
상관공기마을편백숲,관광자원,희귀동.식물,전북특별자치도 완주군 상관면 죽림리 산214-1,35.7356526,127.1902173
상록해수욕장,자연관광지,해수욕장,전북특별자치도 부안군 변산면 변산로 3210-16,35.600765,126.482238
상원사(고창),역사관광지,사찰,전북특별자치도 고창군 고창읍 상원사길 214,35.4433226,126.7342416
상이암(임실),역사관광지,사찰,전북특별자치도 임실군 성수면 성수산길 658,35.6354594,127.4251415
상주사,역사관광지,사찰,전북특별자치도 군산시 서수면 함안로 57-29,36.0009528,126.8521565
새만금비응공원,휴양관광지,테마공원,전북특별자치도 군산시 새만금북로 27 새만금 비응공원,35.943833,126.5389977
새만금어린이랜드,휴양관광지,테마공원,전북특별자치도 군산시 새만금북로 520,35.9485179,126.5934688
새만금유람선,휴양관광지,유람선/잠수함관광,전북특별자치도 군산시 옥도면 선유도3길 50,35.8237403,126.4163859
서동공원,휴양관광지,공원,전북특별자치도 익산시 금마면 고도9길 41-14,36.0009152,127.058572
서벽정,역사관광지,유적지/사적지,전북특별자치도 무주군 설천면 구천동로 1868-30 서벽정,35.9586398,127.7679928
서해안바람공원,휴양관광지,공원,전북특별자치도 고창군 심원면 애향갯벌로 311,35.5307931,126.5148196
석불사(익산),역사관광지,사찰,전북특별자치도 익산시 삼기면 진북로 273,36.0298167,127.007775
석정문학관,문화시설,문화원,전북특별자치도 부안군 부안읍 석정로 63,35.7406248,126.7346212
석정온천휴스파,휴양관광지,온천/욕장/스파,전북특별자치도 고창군 고창읍 석정2로 173,35.43204,126.7410118
석탄사(정읍),역사관광지,사찰,전북특별자치도 정읍시 칠보면 허궁실2길 186-125,35.5637573,126.9859464
선국사(남원),역사관광지,사찰,전북특별자치도 남원시 산성길 239,35.4292185,127.3578345
선운사(고창),역사관광지,사찰,전북특별자치도 고창군 아산면 선운사로 250(아산면),35.4976972,126.5795156
선운산(전북서해안권국가지질공원),자연관광지,도립공원,전북특별자치도 고창군 아산면 선운사로 158-6,35.5026353,126.5865487
선운산생태숲,자연관광지,자연생태관광지,전북특별자치도 고창군 아산면 삼인리 394-28,35.5005414,126.5834561
선원사(남원),역사관광지,사찰,전북특별자치도 남원시 용성로 151 선원사,35.4126738,127.391248
선유도해수욕장(명사십리해수욕장),자연관광지,해수욕장,전북특별자치도 군산시 옥도면 선유도리,35.827026,126.412486
섬진강댐,건축/조형물,유명건물,전북특별자치도 임실군 강진면 옥정호로 608-13,35.5424168,127.1116431
성모암(김제),역사관광지,사찰,전북특별자치도 김제시 만경읍 화포3길 54-9,35.8868384,126.8052906
성황사(부안),역사관광지,사찰,전북특별자치도 부안군 부안읍 서림공원길 92,35.7353625,126.7308269
세병공원,휴양관광지,공원,전북특별자치도 전주시 덕진구 송천동2가,35.871733,127.1212
세심자연휴양림,자연관광지,자연휴양림,전북특별자치도 임실군 삼계면 임삼로 485,35.514262,127.240059
소노벨변산오션플레이,휴양관광지,온천/욕장/스파,전북특별자치도 부안군 변산면 변산해변로 51,35.6313605,126.4699701
소충사,역사관광지,유적지/사적지,전북특별자치도 임실군 성수면 산성로 725-23,35.6230654,127.347288
송광사(완주),역사관광지,사찰,전북특별자치도 완주군 소양면 송광수만로 255-16,35.8857565,127.2417479
수성당,역사관광지,유적지/사적지,전북특별자치도 부안군 변산면 적벽강길 54,35.634658,126.4603433
순창강천사,역사관광지,사찰,전북특별자치도 순창군 팔덕면 강천산길 270(팔덕면),35.3987872,127.055684
순창쉴랜드,체험관광지,이색체험,전북특별자치도 순창군 인계면 인덕로 427-128,35.4316126,127.1305878
순창장류박물관,문화시설,박물관,전북특별자치도 순창군 순창읍 장류로 43 순창장류박물관,35.3697916,127.1110908
순창향교,역사관광지,유적지/사적지,전북특별자치도 순창군 순창읍 교성1길 13,35.3736501,127.1340688
숭림사(익산),역사관광지,사찰,전북특별자치도 익산시 웅포면 백제로 495-57,36.0815162,126.9151617
승련사(남원),역사관광지,사찰,전북특별자치도 남원시 산동면 요천로 2675-90 승련사,35.4897131,127.4539553
승마체험장(장수),체험관광지,이색체험,전북특별자치도 장수군 장수읍 승마로 74 4구역 승마장,35.6563704,127.5114036
승암사(전주),역사관광지,사찰,전북특별자치도 전주시 완산구 바람쐬는길 47-13 승암사,35.8090843,127.1641763
신림저수지,자연관광지,호수,전북특별자치도 고창군 신림면 반룡리,35.4598,126.7299
신안서원,역사관광지,유적지/사적지,전북특별자치도 임실군 임실읍 신안1길 8-12,35.5998152,127.2392866
심곡사(익산),역사관광지,사찰,전북특별자치도 익산시 낭산면 장암길 113 심곡사,36.0376303,127.03642
심포항,자연관광지,항구/포구,전북특별자치도 김제시 진봉면 심포리,35.8567,126.7056
쌍릉,역사관광지,유적지/사적지,전북특별자치도 익산시 쌍능길 65 쌍능관리사무소,35.978896,127.0314753
쌍용사(김제),역사관광지,사찰,전북특별자치도 김제시 금산면 금산사1길 70-11,35.7214635,127.0048539
아가페정원,휴양관광지,공원,전북특별자치도 익산시 황등면 율촌길 9,36.0198796,126.9561917
아리랑문학마을,체험관광지,이색거리,전북특별자치도 김제시 죽산면 화초로 180,35.7743535,126.8425342
아석정,역사관광지,유적지/사적지,전북특별자치도 익산시 금마면 서고도리 98,35.9974979,127.0482544
아중호수,자연관광지,호수,전북특별자치도 전주시 덕진구 우아동1가,35.817,127.2001
아쿠아틱파크아마존,휴양관광지,테마공원,전북특별자치도 완주군 구이면 항가리 1203,35.7189885,127.1084565
안심사(완주),역사관광지,사찰,전북특별자치도 완주군 운주면 안심길 372,36.108171,127.3027963
압계서원,역사관광지,유적지/사적지,전북특별자치도 장수군 산서면 구암길 77-14 압계서원,35.5977914,127.4039126
야미도,자연관광지,섬,"전북특별자치도 군산시 옥도면 야미도3길 25-2(옥도면, 야미도노인정)",35.8415718,126.4903027
어은정,역사관광지,유적지/사적지,전북특별자치도 순창군 적성면 평남리,35.4302,127.2168
어청도,자연관광지,섬,전북특별자치도 군산시 옥도면 어청도길 95-7,36.1206091,125.9791925
여산동헌,역사관광지,유적지/사적지,전북특별자치도 익산시 여산면 여산리,36.057212,127.093739
여산숲정이순교성지,역사관광지,종교성지,전북특별자치도 익산시 여산면 여산리 301-16,36.0620289,127.0820651
여산향교,역사관광지,유적지/사적지,전북특별자치도 익산시 여산면 여산교동길 23-2,36.0548924,127.0903393
여수충렬사,역사관광지,유적지/사적지,전북특별자치도 정읍시 충정로 228-13(수성동),35.5699299,126.8572717
연석산,자연관광지,산,전북특별자치도 완주군 동상면 사봉리,35.8951,127.3136
연화사(남원),역사관광지,사찰,전북특별자치도 남원시 이백면 응령길 168,35.4187372,127.4675276
염의서원,역사관광지,유적지/사적지,전북특별자치도 군산시 옥산면 염의서원길 156-9,35.9401013,126.7142226
영광정,역사관광지,유적지/사적지,전북특별자치도 순창군 쌍치면 시산리 367-1,35.4864421,126.9738239
영모정,역사관광지,유적지/사적지,전북특별자치도 진안군 백운면 평노길 138,35.7120614,127.4200255
영월암(장수),역사관광지,사찰,전북특별자치도 장수군 산서면 봉서로 182-135,35.546644,127.3854887
영천사,역사관광지,사찰,전북특별자치도 김제시 황산5길 106-28(황산동),35.7786138,126.9338087
영천서원,역사관광지,유적지/사적지,전북특별자치도 임실군 지사면 영천3길 33 영천사원,35.5754613,127.3746512
오리정,역사관광지,유적지/사적지,전북특별자치도 남원시 사매면 월평리,35.4868,127.3507
오목대와이목대,역사관광지,유적지/사적지,"전북특별자치도 전주시 완산구 기린대로 55, 전북특별자치도 전주시 완산구 자만동2길 5 오목대",35.8143897,127.1545863
오성산,자연관광지,산,전북특별자치도 군산시 성산면,35.989636,126.786
오성제저수지,자연관광지,호수,전북특별자치도 완주군 소양면 대흥리,35.8985,127.2423
오송제,자연관광지,호수,전북특별자치도 전주시 덕진구 송천동1가 9-1,35.8618788,127.1366996
오수의견공원,휴양관광지,공원,전북특별자치도 임실군 오수면 충효로 2096-16,35.5451429,127.3327476
오수의견관광지,휴양관광지,테마공원,전북특별자치도 임실군 오수면 금암리 252-3,35.5410594,127.3339793
옥돌해수욕장,자연관광지,해수욕장,전북특별자치도 군산시 옥도면 선유도리 산65,35.8074312,126.4106732
옥산서원(정읍),역사관광지,유적지/사적지,전북특별자치도 정읍시 소성면 애당모촌길 9(소성면),35.5297869,126.7798951
옥산서원/문창서원/옥구향교/자천대,역사관광지,유적지/사적지,"전북특별자치도 군산시 옥구읍 상평리 627, 전북특별자치도 군산시 옥구읍 상평리, 전북특별자치도 군산시 옥구읍 광월길 33-50 옥구향교, 전북특별자치도 군산시 옥구읍 상평리",35.9303714,126.7072396
옥정호구절초테마공원,휴양관광지,테마공원,전북특별자치도 정읍시 산내면 매죽리 산186-5,35.5534736,127.0189557
옥정호요산공원,자연관광지,호수,전북특별자치도 임실군 운암면 입석리 490-15,35.630356,127.1548681
옥천암(진안),역사관광지,사찰,전북특별자치도 진안군 용담면 주용로 227-164,35.9656951,127.4758958
완산칠봉(완산공원),휴양관광지,공원,전북특별자치도 전주시 완산구 공수내1길 19-4,35.8054155,127.1463008
완주 삼례문화예술촌,문화시설,문화원,전북특별자치도 완주군 삼례읍 삼례역로 81-13,35.9062413,127.0663838
완주대원사,역사관광지,사찰,전북특별자치도 완주군 구이면 모악산길 243,35.7325256,127.0957966
완주종남산,자연관광지,산,전북특별자치도 완주군 소양면 대흥리,35.8985,127.2423
완주향토예술문화회관,문화시설,공연장,전북특별자치도 완주군 삼례읍 삼봉로 215,35.9200472,127.0928178
완주화암사,역사관광지,사찰,전북특별자치도 완주군 경천면 화암사길 271,36.0662975,127.2872369
왕궁보석테마관광지,휴양관광지,관광단지,전북특별자치도 익산시 왕궁면 호반로 8,35.9906601,127.1025892
요천생태습지공원,휴양관광지,공원,전북특별자치도 남원시 주생면 중동리 1009-48,35.3840818,127.343847
용강서원(전주),역사관광지,유적지/사적지,전북특별자치도 전주시 덕진구 원동회룡길 59-3(원동),35.8551652,127.0402071
용담댐조각공원,휴양관광지,공원,전북특별자치도 진안군 안천면 삼락리 1101-7,35.9435839,127.5299695
용담사(남원),역사관광지,사찰,전북특별자치도 남원시 주천면 원천로 165-12,35.4095959,127.4110133
용담향교,역사관광지,유적지/사적지,전북특별자치도 진안군 동향면 능금리,35.854724,127.5858
용담호자연생태습지공원,휴양관광지,공원,전북특별자치도 진안군 용담면 송풍리 1283,35.9471186,127.518463
용봉사(김제),역사관광지,사찰,전북특별자치도 김제시 용지면 봉의로 205,35.8750547,126.9652514
용안생태습지공원,자연관광지,자연생태관광지,전북특별자치도 익산시 용안면 난포리 313-13,36.1340749,126.9292758
용안향교,역사관광지,유적지/사적지,전북특별자치도 익산시 용안면 용안교동1길 34-11,36.121624,126.954038
용장서원,역사관광지,유적지/사적지,전북특별자치도 남원시 주생면 상동길 7-1,35.397474,127.3409097
용추폭포(고창),자연관광지,폭포,전북특별자치도 고창군 신림면 신평리,35.4664,126.7425
용화사(고창),역사관광지,사찰,전북특별자치도 고창군 대산면 연화길 88-56,35.328745,126.5485968
우체통거리,체험관광지,이색거리,전북특별자치도 군산시 우체통거리2길 19,35.9854463,126.7123741
우화정(내장산),자연관광지,호수,전북특별자치도 정읍시 내장동 산231,35.4868276,126.8985672
운곡서원(고창),역사관광지,유적지/사적지,전북특별자치도 고창군 아산면 운곡서원길 337(아산면),35.4695946,126.6514133
운봉향교,역사관광지,유적지/사적지,전북특별자치도 남원시 운봉읍 운봉남길 217-28,35.42131,127.530725
운서정,역사관광지,유적지/사적지,전북특별자치도 임실군 관촌면 관진로 61-20,35.6701021,127.2765246
운심사(군산),역사관광지,사찰,전북특별자치도 군산시 대야면 오동길 30-28,35.9560515,126.8136663
운암산,자연관광지,산,전북특별자치도 완주군 동상면 대아리,35.9822,127.3055
운일암반일암계곡,자연관광지,계곡,전북특별자치도 진안군 주천면 대불리,35.9544,127.3748
운장산,자연관광지,산,전북특별자치도 완주군 동상면,35.936885,127.29675
웅포곰개나루,휴양관광지,관광단지,전북특별자치도 익산시 웅포면 강변로 25,36.0658096,126.8754389
원각사(김제),역사관광지,사찰,전북특별자치도 김제시 사정거리1길 20,35.8016249,126.883724
원등사(완주),역사관광지,사찰,전북특별자치도 완주군 소양면 원등산길 386,35.8815148,127.2923567
원불교역사박물관,문화시설,박물관,전북특별자치도 익산시 익산대로 501 원불교중앙총본부,35.9744706,126.951697
원흥사(장수),역사관광지,사찰,전북특별자치도 장수군 산서면 원흥길 102-6,35.5891891,127.421
월명공원,휴양관광지,공원,전북특별자치도 군산시 해망동,35.9886,126.6994
월명사(김제),역사관광지,사찰,전북특별자치도 김제시 금산면 청도리,35.738101,127.041563
월명호수,자연관광지,호수,전북특별자치도 군산시 소룡동 1071-3(소룡동) 부근,35.9795067,126.6877264
위도(전북서해안권국가지질공원),자연관광지,섬,전북특별자치도 부안군 위도면 치도리,35.5952,126.2596
위도해수욕장,자연관광지,해수욕장,전북특별자치도 부안군 위도면 진리,35.6084,126.3052
위봉사(완주),역사관광지,사찰,전북특별자치도 완주군 소양면 위봉길 53 위봉사,35.9105896,127.2572744
위봉산성군립공원,자연관광지,군립공원,전북특별자치도 완주군 소양면 원대흥길 136-3,35.8836045,127.2438947
유천생태습지공원,휴양관광지,공원,전북특별자치도 익산시 금강동 992-5,35.928175,126.9759535
유휴열미술관,문화시설,미술관/화랑,전북특별자치도 완주군 구이면 신뱅이길 55,35.7250932,127.1115519
육모정,역사관광지,유적지/사적지,전북특별자치도 남원시 숲정이1길 4,35.4078076,127.3880144
은수사,역사관광지,사찰,전북특별자치도 진안군 마령면 마이산남로 406,35.7591785,127.414159
은적사(군산),역사관광지,사찰,전북특별자치도 군산시 설림3길 49 은적사,35.9744674,126.6850775
은적사(김제),역사관광지,사찰,전북특별자치도 김제시 금산면 구성3길 126-20,35.7385385,127.0096405
은파호수공원(은파국민관광지),휴양관광지,공원,전북특별자치도 군산시 은파순환길 9(나운동),35.9553564,126.6890571
이병기선생생가,역사관광지,생가,전북특별자치도 익산시 여산면 가람1길 64-8,36.0358481,127.084728
이영춘가옥,역사관광지,유적지/사적지,전북특별자치도 군산시 개정동,35.964409,126.754374
익산교도소세트장,체험관광지,이색체험,전북특별자치도 익산시 성당면 함낭로 207,36.0694448,126.930586
익산문수사,역사관광지,사찰,전북특별자치도 익산시 여산면 천호산길 140(여산면),36.0425253,127.117748
익산미륵사지(유네스코세계유산),역사관광지,유적지/사적지,전북특별자치도 익산시 금마면 미륵사지로 362,36.011589,127.0286611
익산미륵산성,역사관광지,성,전북특별자치도 익산시 금마면 신용리 산124-1,36.0259021,127.0428725
익산아트센터,문화시설,전시관,전북특별자치도 익산시 중앙로 12-39,35.9387779,126.9481562
익산온천랜드,휴양관광지,온천/욕장/스파,전북특별자치도 익산시 석암로 207-1,35.9405056,127.0138404
익산왕궁리유적(유네스코세계유산),역사관광지,유적지/사적지,전북특별자치도 익산시 왕궁면 궁성로 666 왕궁리유적전시장,35.9715598,127.0558096
익산제석사지,역사관광지,유적지/사적지,전북특별자치도 익산시 왕궁면 왕궁리 247-1,35.9735638,127.0693429
익산중앙동구삼산의원,역사관광지,유적지/사적지,전북특별자치도 익산시 중앙로 22-253(중앙동3가),35.9367908,126.9481703
익산춘포리구일본인농장가옥,역사관광지,유적지/사적지,전북특별자치도 익산시 춘포면 춘포리,35.9025,127.0001
익산춘포역사,역사관광지,유적지/사적지,전북특별자치도 익산시 춘포면 춘포1길 17-1,35.903809,127.0048155
익산토성,역사관광지,성,전북특별자치도 익산시 금마면 서고도리 산52-2,35.9922887,127.0371185
익산향교,역사관광지,유적지/사적지,전북특별자치도 익산시 금마면 동고도리,35.9907,127.0609
일성무주콘도&리조트,휴양관광지,관광단지,전북특별자치도 무주군 무풍면 라제통문로 455 일성무주콘도미니엄,35.9789838,127.8267794
일제강점기군산역사관,문화시설,전시관,전북특별자치도 군산시 동국사길 21(금광동),35.9823044,126.7078384
임실김용택시인문학관,문화시설,기념관,전북특별자치도 임실군 덕치면 장암2길 16,35.4850462,127.1627258
임실대말방죽숲(가시연꽃자생지),자연관광지,자연생태관광지,전북특별자치도 임실군 오수면 대정리,35.5101,127.3441
임실향교,역사관광지,유적지/사적지,전북특별자치도 임실군 임실읍 이도리,35.618013,127.280298
임피향교,역사관광지,유적지/사적지,전북특별자치도 군산시 임피면 임피향교길 46 임피향교,35.9880615,126.8481175
자명사(익산),역사관광지,사찰,전북특별자치도 익산시 용안면 을동길 76-12,36.1300339,126.9538189
장군목유원지,휴양관광지,유원지,전북특별자치도 순창군 동계면 장군목길 686-1(동계면) 일대,35.4697666,127.1902028
장수누리파크,휴양관광지,공원,전북특별자치도 장수군 장수읍 논개사당길 65,35.6410722,127.5232477
장수물빛공원(물빛공원),휴양관광지,테마공원,전북특별자치도 장수군 번암면 지지로 97-21 물빛공원,35.5406017,127.542555
장수신광사,역사관광지,사찰,전북특별자치도 장수군 천천면 신광길 31(천천면),35.70506,127.494875
장수향교,역사관광지,유적지/사적지,전북특별자치도 장수군 장수읍 향교길 31-14(장수읍),35.6479104,127.5229012
장자도,자연관광지,섬,"전북특별자치도 군산시 옥도면 장자도1길 26-2(옥도면, 장자도어촌체험마을)",35.8099164,126.3965631
장자도여객터미널,휴양관광지,유람선/잠수함관광,전북특별자치도 군산시 옥도면 장자도리,35.8104,126.3974
장진영기념관,문화시설,기념관,전북특별자치도 임실군 운암면 임운로 1577,35.6500504,127.1832171
잼버리공원,휴양관광지,공원,전북특별자치도 부안군 하서면 백련리 1016,35.6997191,126.5763487
적벽강(전북서해안권국가지질공원),자연관광지,해안절경,전북특별자치도 부안군 변산면 격포리,35.628845,126.473784
적상산,자연관광지,산,전북특별자치도 무주군 적상면 괴목리,35.9164,127.7213
적상산전망대,건축/조형물,기념탑/기념비/전망대,전북특별자치도 무주군 적상면 북창리 산119-8,35.9563118,127.6984282
전라북도산림박물관,문화시설,박물관,전북특별자치도 순창군 복흥면 추령로 1777 산림박물관,35.4794858,126.9246024
전봉준장군생가터,역사관광지,생가,전북특별자치도 고창군 고창읍 당촌길 41-8(고창읍),35.4492437,126.668322
전북도립미술관,문화시설,미술관/화랑,전북특별자치도 완주군 구이면 모악산길 111-6 전북특별자치도도립미술관,35.7277055,127.1069245
전북어린이창의체험관(전라북도어린이창의체험관),문화시설,전시관,전북특별자치도 전주시 덕진구 조경단로 258-18 창의체험관,35.853434,127.1259618
전북에어포스스쿨,체험관광지,이색체험,전북특별자치도 완주군 구이면 덕천리 420-14,35.7442555,127.1344703
전설의쌍화차거리,체험관광지,이색거리,전북특별자치도 정읍시 장명동,35.5676,126.856577
전주공예품전시관,문화시설,전시관,전북특별자치도 전주시 완산구 태조로 15,35.8143943,127.1530995
전주남고산성,역사관광지,성,전북특별자치도 전주시 완산구 동서학동 641,35.7962983,127.1581169
전주남부시장,쇼핑,상설시장,전북특별자치도 전주시 완산구 풍남문2길 63,35.8124262,127.1466061
전주동물원,휴양관광지,테마공원,전북특별자치도 전주시 덕진구 소리로 68(덕진동),35.855119,127.144308
전주목판서화체험관,체험관광지,전통체험,전북특별자치도 전주시 완산구 전주천동로 46,35.8114699,127.1556076
전주역사박물관,문화시설,박물관,전북특별자치도 전주시 완산구 쑥고개로 259,35.8011595,127.0933583
전주자연생태관,문화시설,박물관,전북특별자치도 전주시 완산구 바람쐬는길 21,35.8116042,127.1626003
전주풍패지관,역사관광지,고택,전북특별자치도 전주시 완산구 충경로 59,35.818237,127.1451061
전주한지박물관,문화시설,박물관,전북특별자치도 전주시 덕진구 팔복로 59 (주)전주페이퍼,35.8490333,127.1002406
전주향교,역사관광지,유적지/사적지,전북특별자치도 전주시 완산구 향교길 139 전주향교,35.8121863,127.157228
정령치,자연관광지,자연생태관광지,전북특별자치도 남원시 주천면 정령치로 1523,35.3638195,127.5220291
정수사(완주),역사관광지,사찰,전북특별자치도 완주군 상관면 정수사길 18,35.7831918,127.2531241
정읍사문화공원,휴양관광지,공원,전북특별자치도 정읍시 정읍사로 541,35.5507319,126.8615756
정읍시립미술관,문화시설,미술관/화랑,전북특별자치도 정읍시 시기4길 7 정읍시립미술관,35.5523233,126.8616454
정읍어린이교통공원,휴양관광지,테마공원,전북특별자치도 정읍시 벚꽃로 537 어린이교통공원,35.5559717,126.8692931
정읍피향정,역사관광지,유적지/사적지,전북특별자치도 정읍시 태인면 태산로 2951(태인면),35.6513432,126.9429989
정읍향교,역사관광지,유적지/사적지,전북특별자치도 정읍시 장명동,35.5676,126.856577
정읍허브원,자연관광지,수목원,전북특별자치도 정읍시 구량1길 188-29,35.5645312,126.8957398
정읍황토현전적,역사관광지,유적지/사적지,전북특별자치도 정읍시 덕천면 하학리,35.6216,126.8021
정토사(정읍),역사관광지,사찰,전북특별자치도 정읍시 정우면 정신로 832-20(정우면),35.6583028,126.8881831
정혜사(전주),역사관광지,사찰,전북특별자치도 전주시 완산구 외칠봉1길 36,35.8042583,127.1391375
조경단,역사관광지,유적지/사적지,전북특별자치도 전주시 덕진구 덕진동1가 640-9,35.8515672,127.1363627
조앙사,역사관광지,사찰,전북특별자치도 김제시 만경읍 화포3길 63-12(만경읍),35.8864401,126.8034335
조정래아리랑문학관,문화시설,전시관,전북특별자치도 김제시 부량면 용성1길 24,35.7519665,126.848728
주암서원,역사관광지,유적지/사적지,전북특별자치도 임실군 지사면 방계리,35.5614,127.3548
죽림정사(백용성조사탄생성지),역사관광지,생가,전북특별자치도 장수군 번암면 죽림2길 31,35.5392607,127.5410003
죽림폭포공원,휴양관광지,공원,전북특별자치도 정읍시 연지동 산31-2,35.564394,126.8485158
줄포만갯벌생태공원,자연관광지,자연생태관광지,전북특별자치도 부안군 줄포면 생태공원로 170 부안자연생태공원,35.5791238,126.6669582
중앙체육공원,휴양관광지,공원,전북특별자치도 익산시 하나로 322,35.9497377,126.9860833
지리산천년송,관광자원,희귀동.식물,전북특별자치도 남원시 산내면 부운리 306,35.3634789,127.5926441
지리산허브밸리,휴양관광지,테마공원,전북특별자치도 남원시 운봉읍 바래봉길 214,35.4350915,127.5486169
지사울공원,휴양관광지,공원,전북특별자치도 완주군 이서면 용서리 777-2,35.8293874,127.0199593
지선당,역사관광지,유적지/사적지,전북특별자치도 진안군 동향면 내금2길 70(동향면),35.8476027,127.5907765
진안가위박물관,문화시설,박물관,전북특별자치도 진안군 진안읍 마이산로 258,35.7659205,127.4150093
진안역사박물관,문화시설,박물관,전북특별자치도 진안군 진안읍 내사양길 7,35.7724537,127.416747
진안와룡암,역사관광지,유적지/사적지,전북특별자치도 진안군 주천면 금평1길 10-8,35.9756013,127.4294413
진포시비공원,휴양관광지,공원,전북특별자치도 군산시 내흥동 894-8,36.004183,126.7546588
진포해양테마공원,휴양관광지,테마공원,전북특별자치도 군산시 내항2길 32 진포해양테마공원,35.9893024,126.7174515
참당암(고창),역사관광지,사찰,전북특별자치도 고창군 아산면 삼인리,35.4907,126.5712
창계서원,역사관광지,유적지/사적지,전북특별자치도 장수군 장수읍 선창리,35.669718,127.534563
창덕암(남원),역사관광지,사찰,전북특별자치도 남원시 산동면 부절리 126-7,35.4787559,127.4881399
창동서원,역사관광지,유적지/사적지,전북특별자치도 정읍시 이평면 창동리,35.6605,126.8099
채계산,자연관광지,산,전북특별자치도 순창군 적성면 괴정리,35.4144,127.2396
채만식문학관,문화시설,전시관,전북특별자치도 군산시 강변로 449,36.008658,126.7579
채석강(전북서해안권국가지질공원),자연관광지,해안절경,전북특별자치도 부안군 변산면 변산해변로 1,35.6282846,126.4710235
천국사(김제),역사관광지,사찰,전북특별자치도 김제시 금산면 우림로 72-66,35.7241875,127.0434984
천양정,역사관광지,유적지/사적지,전북특별자치도 전주시 완산구 전주천서로 237,35.8156672,127.138093
천황사(진안),역사관광지,사찰,전북특별자치도 진안군 정천면 수암길 54,35.9054895,127.4321229
청룡사(김제),역사관광지,사찰,전북특별자치도 김제시 금산면 모악15길 80-122,35.720211,127.0648491
청운사(김제),역사관광지,사찰,전북특별자치도 김제시 청하면 대청리 산74-4,35.893462,126.8479688
청호저수지,자연관광지,호수,전북특별자치도 부안군 하서면 청호리,35.7329,126.6541
최명희문학관,문화시설,전시관,전북특별자치도 전주시 완산구 최명희길 29 최명희문학관,35.8158032,127.1513316
최호장군유지,역사관광지,유적지/사적지,전북특별자치도 군산시 개정면 원발산길 33-2,35.9682405,126.7951574
추령장승촌,문화시설,전시관,전북특별자치도 순창군 복흥면 서마리 721-1,35.4779051,126.9275809
춘향테마파크,휴양관광지,테마공원,전북특별자치도 남원시 양림길 43 춘향문화예술회관,35.4022211,127.3901488
충경사,역사관광지,유적지/사적지,전북특별자치도 전주시 완산구 남고산성1길 31,35.8051017,127.1569459
치명자산성지,역사관광지,종교성지,전북특별자치도 전주시 완산구 바람쐬는길 89(대성동),35.8058012,127.165126
칠보물테마유원지,휴양관광지,유원지,전북특별자치도 정읍시 칠보면 칠보산로 1555,35.6068512,126.985393
칠연계곡,자연관광지,계곡,전북특별자치도 무주군 안성면 칠연로 543,35.8386895,127.6937938
칠연의총,역사관광지,유적지/사적지,전북특별자치도 무주군 안성면 공정리 산6,35.8332832,127.7201917
켄싱턴리조트남원점,휴양관광지,관광단지,전북특별자치도 남원시 소리길 66 켄싱턴리조트 지리산남원,35.402057,127.3849
타루비,역사관광지,유적지/사적지,전북특별자치도 장수군 천천면 장자울로 4,35.6847377,127.5171469
태봉사(익산),역사관광지,사찰,전북특별자치도 익산시 삼기면 진북로 347-23,36.0367467,127.0115474
태인향교,역사관광지,유적지/사적지,전북특별자치도 정읍시 태인면 태성리,35.6565,126.9425
테디베어뮤지엄군산,문화시설,박물관,전북특별자치도 군산시 구영7길 37,35.9854949,126.70941
팔공산(성적산),자연관광지,산,전북특별자치도 장수군 장수읍 대성리,35.5994,127.4555
팔복예술공장,문화시설,전시관,전북특별자치도 전주시 덕진구 구렛들1길 46,35.8613206,127.1009753
풍계서원,역사관광지,유적지/사적지,전북특별자치도 남원시 대강면 대강산촌길 35-46,35.419118,127.2663772
필봉농악전수관,문화시설,문화전수시설,전북특별자치도 임실군 강진면 강운로 272,35.5363925,127.1544424
하섬,자연관광지,섬,전북특별자치도 부안군 변산면 마포리,35.636555,126.498735
하섬전망대,건축/조형물,기념탑/기념비/전망대,전북특별자치도 부안군 변산면 마포리 385-19,35.655849,126.4955063
학당서원,역사관광지,유적지/사적지,전북특별자치도 김제시 백산면 생건길 48,35.8316037,126.8901643
학선암,역사관광지,사찰,전북특별자치도 김제시 금산면 구성3길 522,35.7440456,127.0216962
학소암(전주),역사관광지,사찰,전북특별자치도 전주시 완산구 평화7길 49-67,35.7869046,127.1455623
학정리석불,역사관광지,유적지/사적지,전북특별자치도 임실군 삼계면 학정리,35.501683,127.223
한국도로공사수목원,자연관광지,수목원,전북특별자치도 전주시 덕진구 번영로 462-45(반월동),35.8711291,127.0537959
한벽당,역사관광지,유적지/사적지,전북특별자치도 전주시 완산구 기린대로 2(교동),35.8118921,127.1608253
함벽정,역사관광지,유적지/사적지,전북특별자치도 익산시 왕궁면 동용리,36.005578,127.117926
함열향교,역사관광지,유적지/사적지,전북특별자치도 익산시 함라면 함라교동길 27-4,36.063717,126.9094763
해월암(임실),역사관광지,사찰,전북특별자치도 임실군 오수면 대명리 715,35.5389742,127.3240602
향가유원지,휴양관광지,유원지,전북특별자치도 순창군 풍산면 향가로 583-43,35.3395684,127.1933338
향산사(무주),역사관광지,사찰,전북특별자치도 무주군 무주읍 향한로 27-7,36.0099559,127.6585672
향적봉(덕유산),자연관광지,산,전북특별자치도 무주군 설천면 구천동1로 159,35.9008792,127.7751978
현동사,역사관광지,유적지/사적지,전북특별자치도 익산시 삼기면 현동1길 3(삼기면),36.0251125,127.0161736
혜봉사,역사관광지,사찰,전북특별자치도 김제시 금구면 양시로 142-13(금구면),35.7690996,127.0063446
혼불문학관,문화시설,박물관,전북특별자치도 남원시 사매면 노봉안길 52(사매면),35.4811111,127.3200201
화동서원(고창),역사관광지,유적지/사적지,전북특별자치도 고창군 대산면 교동길 24(대산면),35.3443136,126.5861931
화산사,역사관광지,유적지/사적지,전북특별자치도 장수군 계남면 화산길 69-8,35.6959841,127.5906943
환봉서원,역사관광지,유적지/사적지,전북특별자치도 남원시 금지면 금지순환길 269,35.338989,127.2847544
황윤석생가,역사관광지,생가,전북특별자치도 고창군 성내면 조동길 33,35.5603774,126.7551479
흥덕향교,역사관광지,유적지/사적지,전북특별자치도 고창군 흥덕면 흥덕향교길 28-12,35.5261621,126.6934674
흥복사(김제),역사관광지,사찰,전북특별자치도 김제시 승반길 103,35.8286006,126.9067709
흥부골자연휴양림,자연관광지,자연휴양림,전북특별자치도 남원시 인월면 구인월길 125 흥부골자연휴양림,35.4505213,127.5896391